date,home_team,away_team,home_score,away_score,tournament,p_home,p_draw,p_away,actual
2024-06-01,Greenland,Turkmenistan,0,5,Friendly,0.45970260142994646,0.269034148821592,0.2712632497484615,2
2024-06-02,Indonesia,Tanzania,0,0,Friendly,0.6209117434070499,0.22660595278639334,0.1524823038065567,1
2024-06-03,Albania,Liechtenstein,3,0,Friendly,0.9408497622310961,0.048997884106603225,0.010152353662300466,0
2024-06-03,Croatia,North Macedonia,3,0,Friendly,0.9220101978690758,0.06329011397583212,0.014699688155092169,0
2024-06-03,England,Bosnia and Herzegovina,3,0,Friendly,0.9399209652078393,0.049718062572545976,0.010360972219614361,0
2024-06-03,Germany,Ukraine,0,0,Friendly,0.605573124090788,0.23204125814923146,0.1623856177599807,1
2024-06-03,Gibraltar,Scotland,0,2,Friendly,0.0069477993382753445,0.03677990185441413,0.9562722988073105,2
2024-06-04,Switzerland,Estonia,4,0,Friendly,0.9097310732215581,0.07227099141430406,0.0179979353641378,0
2024-06-04,Slovenia,Armenia,2,1,Friendly,0.8286549158501203,0.12596474940382604,0.04538033474605353,0
2024-06-04,Romania,Bulgaria,0,0,Friendly,0.6958900058370671,0.1960709569940894,0.10803903716884367,1
2024-06-04,Italy,Turkey,0,0,Friendly,0.7670000771243204,0.1611059533430294,0.07189396953265002,1
2024-06-04,Portugal,Finland,4,2,Friendly,0.8971306196341291,0.0812341952739083,0.021635185091962723,0
2024-06-04,Austria,Serbia,2,1,Friendly,0.505351328439336,0.26044569396222567,0.23420297759843836,0
2024-06-04,Ireland,Hungary,2,1,Friendly,0.14773193572102547,0.22384115944799746,0.6284269048309771,0
2024-06-05,Tunisia,Equatorial Guinea,1,0,FIFA World Cup qualification,0.7202994616931383,0.1847277315788513,0.0949728067280104,0
2024-06-05,Guatemala,Dominica,6,0,FIFA World Cup qualification,0.7651510778647874,0.1620895251132255,0.07275939702198705,0
2024-06-05,Nicaragua,Montserrat,4,1,FIFA World Cup qualification,0.7083923572445519,0.190346759362548,0.10126088339290021,0
2024-06-05,Curaçao,Barbados,4,1,FIFA World Cup qualification,0.8243959006980008,0.12854187685037968,0.04706222245161949,0
2024-06-05,Suriname,Saint Vincent and the Grenadines,4,1,FIFA World Cup qualification,0.7053854394884778,0.1917399129736736,0.1028746475378486,0
2024-06-05,Trinidad and Tobago,Grenada,2,2,FIFA World Cup qualification,0.8479230768139318,0.11401674943852182,0.03806017374754653,1
2024-06-05,Antigua and Barbuda,Bermuda,1,1,FIFA World Cup qualification,0.3509361268527142,0.2768786220797406,0.3721852510675452,1
2024-06-05,Central African Republic,Chad,1,0,FIFA World Cup qualification,0.5619719841082429,0.2459430035051981,0.192085012386559,0
2024-06-05,Namibia,Liberia,1,1,FIFA World Cup qualification,0.5113332663797406,0.2591100001341628,0.22955673348609668,1
2024-06-05,Mexico,Uruguay,0,4,Friendly,0.23406109210663936,0.2604058077359236,0.5055331001574371,2
2024-06-05,Sierra Leone,Djibouti,2,1,FIFA World Cup qualification,0.44991872521787496,0.2704933141469812,0.2795879606351438,0
2024-06-05,Spain,Andorra,5,0,Friendly,0.9843726542396174,0.012974472379815968,0.0026528733805666277,0
2024-06-05,San Marino,Slovakia,0,4,Friendly,0.007173512519777991,0.03772753389928554,0.9550989535809364,2
2024-06-05,Norway,Kosovo,3,0,Friendly,0.7305318399481593,0.17976840558898136,0.08969975446285938,0
2024-06-05,France,Luxembourg,3,0,Friendly,0.9566689721213747,0.03645882212137425,0.006872205757250987,0
2024-06-05,Denmark,Sweden,2,1,Friendly,0.6453330257042482,0.21737881740406179,0.13728815689168983,0
2024-06-05,Belgium,Montenegro,2,0,Friendly,0.8968415596882304,0.0814369291362427,0.021721511175526877,0
2024-06-05,Togo,South Sudan,1,1,FIFA World Cup qualification,0.6536037216262542,0.21409566711292574,0.13230061126082004,1
2024-06-06,Hong Kong,Iran,2,4,FIFA World Cup qualification,0.014224068015734125,0.06191272299124997,0.9238632089930158,2
2024-06-06,Indonesia,Iraq,0,2,FIFA World Cup qualification,0.18016175088221753,0.24076754833566458,0.5790707007821179,2
2024-06-06,Vietnam,Philippines,3,2,FIFA World Cup qualification,0.6868190831716374,0.20011139922692697,0.11306951760143558,0
2024-06-06,Jordan,Tajikistan,3,0,FIFA World Cup qualification,0.7298189694209298,0.1801178303153702,0.0900632002636999,0
2024-06-06,Pakistan,Saudi Arabia,0,3,FIFA World Cup qualification,0.030514862287117268,0.10019994319805192,0.869285194514831,2
2024-06-06,Nepal,United Arab Emirates,0,4,FIFA World Cup qualification,0.047171731568609904,0.12870768973444885,0.8241205786969413,2
2024-06-06,Bahrain,Yemen,0,0,FIFA World Cup qualification,0.8371182201178196,0.12077546063364443,0.04210631924853597,1
2024-06-06,Honduras,Cuba,3,1,FIFA World Cup qualification,0.6369430830999068,0.2206277313294086,0.14242918557068462,0
2024-06-06,Palestine,Lebanon,0,0,FIFA World Cup qualification,0.5365508078002614,0.25296333674340715,0.21048585545633125,1
2024-06-06,Uzbekistan,Turkmenistan,3,1,FIFA World Cup qualification,0.9010062227613133,0.07850367511745417,0.020490102121232562,0
2024-06-06,Costa Rica,Saint Kitts and Nevis,4,0,FIFA World Cup qualification,0.8343393813985367,0.12248936667345865,0.043171251928004625,0
2024-06-06,Haiti,Saint Lucia,2,1,FIFA World Cup qualification,0.64392022095877,0.21793167176466552,0.13814810727656454,0
2024-06-06,Panama,Guyana,2,0,FIFA World Cup qualification,0.7438110763633548,0.1731518752984384,0.08303704833820683,0
2024-06-06,Jamaica,Dominican Republic,1,0,FIFA World Cup qualification,0.8061220182974188,0.13934309896575775,0.054534882736823304,0
2024-06-06,El Salvador,Puerto Rico,0,0,FIFA World Cup qualification,0.4558423828915307,0.26962640938097426,0.2745312077274952,1
2024-06-06,Bangladesh,Australia,0,2,FIFA World Cup qualification,0.018256528345829373,0.07293775074979797,0.9088057209043725,2
2024-06-06,Kyrgyzstan,Malaysia,1,1,FIFA World Cup qualification,0.3603758337199484,0.2769780404952339,0.36264612578481753,1
2024-06-06,North Korea,Syria,1,0,FIFA World Cup qualification,0.2558156045258582,0.26588338265524825,0.47830101281889353,0
2024-06-06,Singapore,South Korea,0,7,FIFA World Cup qualification,0.05083518879445574,0.13412157617258405,0.8150432350329603,2
2024-06-06,Gibraltar,Wales,0,0,Friendly,0.011044823670618887,0.05202804262109757,0.9369271337082835,1
2024-06-06,Netherlands,Canada,4,0,Friendly,0.733336518098537,0.17838794653014545,0.08827553537131749,0
2024-06-06,Guinea-Bissau,Ethiopia,0,0,FIFA World Cup qualification,0.4872599600934424,0.2641930293054644,0.2485470106010932,1
2024-06-06,Egypt,Burkina Faso,2,1,FIFA World Cup qualification,0.6405749288969487,0.21923144376880035,0.140193627334251,0
2024-06-06,Mauritania,Sudan,0,2,FIFA World Cup qualification,0.5591609303863057,0.24675922922180107,0.19407984039189327,2
2024-06-06,Senegal,DR Congo,1,1,FIFA World Cup qualification,0.7800744620920299,0.15403603848955352,0.06588949941841662,1
2024-06-06,Taiwan,Oman,0,3,FIFA World Cup qualification,0.0547917125960105,0.13969697171042744,0.8055113156935622,2
2024-06-06,Benin,Rwanda,1,0,FIFA World Cup qualification,0.3766711522786068,0.2767771241576801,0.34655172356371294,0
2024-06-06,Algeria,Guinea,1,2,FIFA World Cup qualification,0.6602195928175612,0.21141213794182012,0.12836826924061864,2
2024-06-06,Malawi,São Tomé and Príncipe,3,1,FIFA World Cup qualification,0.7583122866977235,0.16569255994152196,0.07599515336075474,0
2024-06-06,Mali,Ghana,1,2,FIFA World Cup qualification,0.6612546457058608,0.21098770354917282,0.12775765074496642,2
2024-06-06,Afghanistan,Qatar,0,0,FIFA World Cup qualification,0.03721904372036669,0.11255931934097535,0.8502216369386579,1
2024-06-06,India,Kuwait,0,0,FIFA World Cup qualification,0.3693993988088567,0.27692412971406405,0.35367647147707915,1
2024-06-06,Myanmar,Japan,0,5,FIFA World Cup qualification,0.006609718735322712,0.0353287642874667,0.9580615169772106,2
2024-06-06,China PR,Thailand,1,1,FIFA World Cup qualification,0.3665752087908165,0.2769564383180115,0.35646835289117196,1
2024-06-06,Libya,Mauritius,2,1,FIFA World Cup qualification,0.734436002931263,0.1778442994785547,0.08771969759018218,0
2024-06-07,Nigeria,South Africa,1,1,FIFA World Cup qualification,0.5165619543753484,0.25790371513422494,0.2255343304904268,1
2024-06-07,Angola,Eswatini,1,0,FIFA World Cup qualification,0.7156362667895745,0.18694777951854127,0.09741595369188402,0
2024-06-07,Morocco,Zambia,2,1,FIFA World Cup qualification,0.77661754017725,0.15592500927516542,0.06745745054758445,0
2024-06-07,Kenya,Burundi,1,1,FIFA World Cup qualification,0.38933537240179783,0.27630579434876784,0.3343588332494344,1
2024-06-07,Mozambique,Somalia,2,1,FIFA World Cup qualification,0.6679199784143812,0.2082247725068334,0.12385524907878542,0
2024-06-07,Uganda,Botswana,1,0,FIFA World Cup qualification,0.3815430529718563,0.276627854608874,0.34182909241926973,0
2024-06-07,Madagascar,Comoros,2,1,FIFA World Cup qualification,0.39808646363779154,0.27582397223053695,0.3260895641316716,0
2024-06-07,Zimbabwe,Lesotho,0,2,FIFA World Cup qualification,0.4135079589164571,0.2746731119682555,0.3118189291152874,2
2024-06-07,Ivory Coast,Gabon,1,0,FIFA World Cup qualification,0.734067434626536,0.17802669616812572,0.08790586920533824,0
2024-06-07,Scotland,Finland,2,2,Friendly,0.6702694904361597,0.20723858641123596,0.1224919231526044,1
2024-06-07,Cambodia,Mongolia,2,0,Friendly,0.4726885945885799,0.2668855551544369,0.26042585025698317,0
2024-06-07,Poland,Ukraine,3,1,Friendly,0.3239667833297005,0.27567865969655303,0.40035455697374656,0
2024-06-07,Peru,Paraguay,0,0,Friendly,0.5571821669481318,0.24732788053880525,0.19548995251306306,1
2024-06-07,Germany,Greece,2,1,Friendly,0.7031194881104257,0.1927828862814949,0.10409762560807934,0
2024-06-07,England,Iceland,0,1,Friendly,0.9218153197366337,0.06343462714418183,0.01475005311918428,2
2024-06-07,Czech Republic,Malta,7,1,Friendly,0.8822823199803935,0.09148684492563249,0.026230835093974024,0
2024-06-07,Romania,Liechtenstein,0,0,Friendly,0.969863902596705,0.025558646880821462,0.004577450522473317,1
2024-06-07,Belarus,Russia,0,4,Friendly,0.10487887902434544,0.19344344833772104,0.7016776726379337,2
2024-06-07,Armenia,Kazakhstan,2,1,Friendly,0.3759947723452063,0.27679464453804203,0.3472105831167519,0
2024-06-07,Albania,Azerbaijan,3,1,Friendly,0.46044612089383297,0.26891761156200794,0.27063626754415904,0
2024-06-08,USA,Colombia,1,5,Friendly,0.326599840550261,0.2758575750250448,0.3975425844246942,2
2024-06-08,Cameroon,Cape Verde,4,1,FIFA World Cup qualification,0.37227053628447,0.27687701629868716,0.35085244741684296,0
2024-06-08,Gambia,Seychelles,5,1,FIFA World Cup qualification,0.8242253038831618,0.12864463010824093,0.04713006600859722,0
2024-06-08,Cayman Islands,Antigua and Barbuda,1,0,FIFA World Cup qualification,0.3700138927551364,0.27691525263822653,0.3530708546066372,0
2024-06-08,Anguilla,Suriname,0,4,FIFA World Cup qualification,0.03448152130632753,0.10767946898522444,0.857839009708448,2
2024-06-08,Aruba,Curaçao,0,2,FIFA World Cup qualification,0.32097372305672134,0.2754585546347301,0.4035677223085484,2
2024-06-08,Belize,Nicaragua,0,4,FIFA World Cup qualification,0.11964684649080799,0.20514468666551594,0.6752084668436762,2
2024-06-08,British Virgin Islands,Guatemala,0,3,FIFA World Cup qualification,0.04809234261296817,0.13009226932380585,0.821815388063226,2
2024-06-08,Switzerland,Austria,1,1,Friendly,0.4108794225449367,0.27489605510409715,0.3142245223509661,1
2024-06-08,Bahamas,Trinidad and Tobago,1,7,FIFA World Cup qualification,0.03272276658336647,0.10442646421817349,0.8628507691984602,2
2024-06-08,Sweden,Serbia,0,3,Friendly,0.3090233848067111,0.27439901144825485,0.4165776037450341,2
2024-06-08,Slovenia,Bulgaria,1,1,Friendly,0.7699914577085314,0.15950617940531953,0.07050236288614908,1
2024-06-08,Latvia,Lithuania,0,2,Baltic Cup,0.5592170847840289,0.24674302043219148,0.1940398947837796,2
2024-06-08,Portugal,Croatia,1,2,Friendly,0.5046853837279526,0.2605914457811701,0.2347231704908773,2
2024-06-08,Moldova,Cyprus,3,2,Friendly,0.5355416388019087,0.25322512446666884,0.21123323673142264,0
2024-06-08,Mexico,Brazil,2,3,Friendly,0.14974064956021943,0.22502314338199383,0.6252362070577868,2
2024-06-08,Hungary,Israel,3,0,Friendly,0.8039332066963573,0.1406093034446426,0.05545748985900034,0
2024-06-08,Denmark,Norway,3,1,Friendly,0.6052967579996551,0.23213661922532766,0.16256662277501718,0
2024-06-08,Belgium,Luxembourg,3,0,Friendly,0.9233890076271374,0.06226577575158385,0.014345216621278693,0
2024-06-08,Estonia,Faroe Islands,4,1,Baltic Cup,0.5383528344027314,0.2524926338930482,0.2091545317042201,0
2024-06-08,Spain,Northern Ireland,5,1,Friendly,0.949515344101442,0.04219499108020756,0.008289664818350286,0
2024-06-08,Brunei,Sri Lanka,1,0,Friendly,0.4399330320216098,0.27183830556824945,0.28822866241014095,0
2024-06-09,Grenada,Costa Rica,0,3,FIFA World Cup qualification,0.07796198595161181,0.16782716366172834,0.7542108503866598,2
2024-06-09,Barbados,Haiti,1,3,FIFA World Cup qualification,0.037672153665427276,0.11334678167584414,0.8489810646587286,2
2024-06-09,Bermuda,Honduras,1,6,FIFA World Cup qualification,0.13937952739389745,0.21871670638940233,0.6419037662167003,2
2024-06-09,Dominica,Jamaica,2,3,FIFA World Cup qualification,0.05465618643512404,0.13951037203749062,0.8058334415273853,2
2024-06-09,Saint Vincent and the Grenadines,El Salvador,1,3,FIFA World Cup qualification,0.18684051853436603,0.24373013035559643,0.5694293511100375,2
2024-06-09,Montserrat,Panama,1,3,FIFA World Cup qualification,0.03879547089635249,0.11527546869200803,0.8459290604116394,2
2024-06-09,São Tomé and Príncipe,Liberia,0,1,FIFA World Cup qualification,0.1815926748581619,0.2414162082541111,0.5769911168877271,2
2024-06-09,Namibia,Tunisia,0,0,FIFA World Cup qualification,0.08762346701500881,0.17774989804632352,0.7346266349386676,1
2024-06-09,Mauritania,Senegal,0,1,FIFA World Cup qualification,0.05524442954581768,0.14031812355965095,0.8044374468945313,2
2024-06-09,DR Congo,Togo,1,0,FIFA World Cup qualification,0.6394409252199986,0.219669077125861,0.14088999765414023,0
2024-06-09,Djibouti,Ethiopia,1,1,FIFA World Cup qualification,0.2756881957715561,0.2698300376699152,0.45448176655852884,1
2024-06-09,Slovakia,Wales,4,0,Friendly,0.3559381445526873,0.2769513887701162,0.36711046667719643,0
2024-06-09,Montenegro,Georgia,1,3,Friendly,0.2933702734873598,0.272558897559767,0.4340708289528733,2
2024-06-09,Italy,Bosnia and Herzegovina,1,0,Friendly,0.927865554500428,0.05891717647834767,0.01321726902122419,0
2024-06-09,France,Canada,0,0,Friendly,0.8407423691224736,0.11852530713585367,0.04073232374167276,1
2024-06-09,Argentina,Ecuador,1,0,Friendly,0.7560034620996723,0.16689661085526353,0.07709992704506413,0
2024-06-10,Ghana,Central African Republic,4,3,FIFA World Cup qualification,0.6242933839918527,0.22537011145858984,0.15033650454955724,0
2024-06-10,Equatorial Guinea,Malawi,1,0,FIFA World Cup qualification,0.5479136538780679,0.24992612474845707,0.20216022137347497,0
2024-06-10,Guinea,Mozambique,0,1,FIFA World Cup qualification,0.581415772419229,0.24002973598204716,0.178554491598724,2
2024-06-10,Uganda,Algeria,1,2,FIFA World Cup qualification,0.13012982852688193,0.21262485201553077,0.6572453194575872,2
2024-06-10,Benin,Nigeria,2,1,FIFA World Cup qualification,0.09072806839559572,0.18075407979386718,0.7285178518105373,0
2024-06-10,Somalia,Botswana,1,3,FIFA World Cup qualification,0.16905951894519378,0.23546656411779315,0.595473916937013,2
2024-06-10,Guinea-Bissau,Egypt,1,1,FIFA World Cup qualification,0.11120391886568677,0.19863285642143422,0.6901632247128792,1
2024-06-10,Poland,Turkey,2,1,Friendly,0.4723049006119794,0.26695245880459706,0.26074264058342356,0
2024-06-10,Netherlands,Iceland,4,0,Friendly,0.9110915484254973,0.07128819918539689,0.017620252389105685,0
2024-06-10,Czech Republic,North Macedonia,2,1,Friendly,0.7747399786445031,0.15694503440290547,0.06831498695259122,0
2024-06-10,Burkina Faso,Sierra Leone,2,2,FIFA World Cup qualification,0.566796578075083,0.24451923375842108,0.18868418816649601,1
2024-06-11,Iraq,Vietnam,3,1,FIFA World Cup qualification,0.8092692844693352,0.13751218090865214,0.05321853462201254,0
2024-06-11,North Korea,Myanmar,4,1,FIFA World Cup qualification,0.7160152632192494,0.18676828308096313,0.09721645369978733,0
2024-06-11,Thailand,Singapore,3,1,FIFA World Cup qualification,0.7597867796134594,0.16492035164062818,0.07529286874591232,0
2024-06-11,Japan,Syria,5,0,FIFA World Cup qualification,0.9003711358341059,0.0789527014054907,0.02067616276040338,0
2024-06-11,South Korea,China PR,1,0,FIFA World Cup qualification,0.7984086301448606,0.14377930202530445,0.05781206782983502,0
2024-06-11,Oman,Kyrgyzstan,1,1,FIFA World Cup qualification,0.7450896361453395,0.17250403040552062,0.08240633344914018,1
2024-06-11,Malaysia,Taiwan,3,1,FIFA World Cup qualification,0.8016535249449548,0.14192187321356667,0.056424601841478586,0
2024-06-11,Turkmenistan,Hong Kong,0,0,FIFA World Cup qualification,0.5894953722612615,0.2374364269257156,0.17306820081302288,1
2024-06-11,Iran,Uzbekistan,0,0,FIFA World Cup qualification,0.5757973394804787,0.24178617647377426,0.18241648404574695,1
2024-06-11,Indonesia,Philippines,2,0,FIFA World Cup qualification,0.7433247148104551,0.17339781586345807,0.08327746932608687,0
2024-06-11,Tajikistan,Pakistan,3,0,FIFA World Cup qualification,0.8548523822809374,0.10960196306876059,0.035545654650302114,0
2024-06-11,Guyana,Belize,3,1,FIFA World Cup qualification,0.7079487581995925,0.19055294063980427,0.10149830116060343,0
2024-06-11,United Arab Emirates,Bahrain,1,1,FIFA World Cup qualification,0.506327244134491,0.2602310318029331,0.23344172406257607,1
2024-06-11,Yemen,Nepal,2,2,FIFA World Cup qualification,0.4384471881467472,0.2720258131655411,0.2895269986877116,1
2024-06-11,Lebanon,Bangladesh,4,0,FIFA World Cup qualification,0.5535636312534787,0.2483551011416817,0.19808126760483968,0
2024-06-11,Australia,Palestine,5,0,FIFA World Cup qualification,0.840351408856429,0.11876885962931595,0.040879731514255016,0
2024-06-11,Cuba,Cayman Islands,3,0,FIFA World Cup qualification,0.7527665965137174,0.16857415523098562,0.07865924825529691,0
2024-06-11,Saint Kitts and Nevis,Bahamas,1,0,FIFA World Cup qualification,0.6640311364775822,0.2098430393472488,0.1261258241751693,0
2024-06-11,Saint Lucia,Aruba,2,2,FIFA World Cup qualification,0.4296965841410729,0.2730628924539725,0.2972405234049546,1
2024-06-11,Dominican Republic,British Virgin Islands,4,0,FIFA World Cup qualification,0.8218970468896452,0.13004333561903847,0.04805961749131618,0
2024-06-11,Puerto Rico,Anguilla,8,0,FIFA World Cup qualification,0.9061877281473971,0.07481671835575017,0.01899555349685285,0
2024-06-11,Qatar,India,2,1,FIFA World Cup qualification,0.8640851613586561,0.10362003115318602,0.032294807488157704,0
2024-06-11,Saudi Arabia,Jordan,1,2,FIFA World Cup qualification,0.3642323986319838,0.27697260380445476,0.3587949975635615,2
2024-06-11,Kuwait,Afghanistan,1,0,FIFA World Cup qualification,0.570768646114358,0.2433254288911514,0.1859059249944906,0
2024-06-11,Lithuania,Estonia,1,1,Baltic Cup,0.3766573174155775,0.27677749038009264,0.3465651922043298,1
2024-06-11,Madagascar,Mali,0,0,FIFA World Cup qualification,0.09913449605215141,0.18848108469193106,0.7123844192559174,1
2024-06-11,Latvia,Faroe Islands,1,0,Baltic Cup,0.4997352834747737,0.26165624860911174,0.23860846791611445,0
2024-06-11,Brunei,Sri Lanka,1,0,Friendly,0.46687756111407946,0.26787659603957636,0.26524584284634406,0
2024-06-11,Andorra,Northern Ireland,0,2,Friendly,0.08924452738206987,0.17932911066712093,0.7314263619508092,2
2024-06-11,Azerbaijan,Kazakhstan,3,2,Friendly,0.41542838285166955,0.2745033583627096,0.3100682587856208,0
2024-06-11,Chad,Comoros,0,2,FIFA World Cup qualification,0.2725177888387552,0.26926451229822407,0.45821769886302083,2
2024-06-11,Greece,Malta,2,0,Friendly,0.8647308103390231,0.10319739936229452,0.032071790298682595,0
2024-06-11,Israel,Belarus,4,0,Friendly,0.5575783143922268,0.24721442826018453,0.19520725734758881,0
2024-06-11,Moldova,Ukraine,0,4,Friendly,0.05505110700185746,0.14005328262775363,0.8048956103703887,2
2024-06-11,Mongolia,Cambodia,2,1,Friendly,0.3987891711274904,0.27577984391287924,0.3254309849596305,0
2024-06-11,Portugal,Ireland,3,0,Friendly,0.8834707808585432,0.09067813271961311,0.02585108642184363,0
2024-06-11,San Marino,Cyprus,1,4,Friendly,0.08523036889974761,0.175375180027571,0.7393944510726813,2
2024-06-11,Chile,Paraguay,3,0,Friendly,0.46004600767977316,0.26898042280240636,0.27097356951782037,0
2024-06-11,Lesotho,Rwanda,0,1,FIFA World Cup qualification,0.34499516373556316,0.27673252806395554,0.3782723082004813,2
2024-06-11,South Africa,Zimbabwe,3,1,FIFA World Cup qualification,0.8305393011677267,0.12481721007328322,0.04464348875898994,0
2024-06-11,Cape Verde,Libya,1,0,FIFA World Cup qualification,0.6651560905279548,0.20937671151990056,0.12546719795214473,0
2024-06-11,Mauritius,Eswatini,2,1,FIFA World Cup qualification,0.27625873427720304,0.26992929334581234,0.4538119723769848,0
2024-06-11,Angola,Cameroon,1,1,FIFA World Cup qualification,0.4056885069795777,0.27530418264996265,0.31900731037045976,1
2024-06-11,Zambia,Tanzania,0,1,FIFA World Cup qualification,0.6348922820527398,0.22140934870716789,0.1436983692400921,2
2024-06-11,Morocco,Congo,6,0,FIFA World Cup qualification,0.9245200704065442,0.06142302884521123,0.014056900748244531,0
2024-06-11,Kenya,Ivory Coast,0,0,FIFA World Cup qualification,0.07987982906562768,0.1698697596342493,0.7502504113001232,1
2024-06-11,Gabon,Gambia,3,2,FIFA World Cup qualification,0.520829085349367,0.2568926476287903,0.22227826702184278,0
2024-06-11,Seychelles,Burundi,1,3,FIFA World Cup qualification,0.055938668875233,0.14126422434867553,0.8027971067760915,2
2024-06-11,South Sudan,Sudan,0,3,FIFA World Cup qualification,0.35353741142362577,0.2769221504660388,0.36954043811033555,2
2024-06-12,USA,Brazil,1,1,Friendly,0.2434675659023705,0.2629296620804295,0.49360277201720004,1
2024-06-12,Ecuador,Bolivia,3,1,Friendly,0.7587519581038547,0.16546256525303235,0.07578547664311303,0
2024-06-14,Germany,Scotland,5,1,UEFA Euro,0.6836771359187613,0.20148880212950954,0.11483406195172896,0
2024-06-14,Argentina,Guatemala,4,1,Friendly,0.9288717209587917,0.0581596407369375,0.01296863830427064,0
2024-06-14,El Salvador,Peru,0,1,Friendly,0.08029938133179224,0.17031160737089918,0.7493890112973085,2
2024-06-15,Hungary,Switzerland,1,3,UEFA Euro,0.40148956334426467,0.2756028132660887,0.3229076233896467,2
2024-06-15,Spain,Croatia,3,0,UEFA Euro,0.405852302683983,0.27529196029581177,0.3188557370202053,0
2024-06-15,Italy,Albania,2,1,UEFA Euro,0.8119403263717941,0.13594878030232455,0.052110893325881175,0
2024-06-15,Colombia,Bolivia,3,0,Friendly,0.8871970090002078,0.08812926910265832,0.024673721897133807,0
2024-06-15,Vanuatu,Solomon Islands,1,0,Oceania Nations Cup,0.11559905915977797,0.20207969855922409,0.6823212422809979,0
2024-06-16,Fiji,Papua New Guinea,5,1,Oceania Nations Cup,0.68845537647825,0.19938955617938628,0.1121550673423638,0
2024-06-16,Panama,Paraguay,0,1,Friendly,0.607977796876228,0.23120766552444968,0.1608145375993225,2
2024-06-16,Poland,Netherlands,1,2,UEFA Euro,0.10886078661077889,0.19674273260850017,0.694396480780721,2
2024-06-16,Tahiti,Samoa,2,0,Oceania Nations Cup,0.547933707334257,0.24992061984304972,0.2021456728226934,0
2024-06-16,Slovenia,Denmark,1,1,UEFA Euro,0.20988924917217058,0.2527530953487544,0.5373576554790749,1
2024-06-16,Ecuador,Honduras,2,1,Friendly,0.7043859586353802,0.1922006832652599,0.10341335809935974,0
2024-06-16,Serbia,England,0,1,UEFA Euro,0.1776517472033302,0.23961101795809264,0.5827372348385772,2
2024-06-17,Austria,France,0,1,UEFA Euro,0.11960794347283965,0.20511571425998198,0.6752763422671784,2
2024-06-17,Romania,Ukraine,3,0,UEFA Euro,0.17289007290398176,0.23735025662171055,0.5897596704743076,0
2024-06-17,Belgium,Slovakia,0,1,UEFA Euro,0.8086029181085237,0.13790085046806289,0.05349623142341345,2
2024-06-18,Turkey,Georgia,3,1,UEFA Euro,0.39811244720486727,0.27582235482258,0.32606519797255273,0
2024-06-18,Portugal,Czech Republic,2,1,UEFA Euro,0.690363350129548,0.19854396648405406,0.11109268338639813,0
2024-06-18,New Zealand,Solomon Islands,3,0,Oceania Nations Cup,0.31971309284540733,0.2753604845428367,0.40492642261175604,0
2024-06-19,Germany,Hungary,2,0,UEFA Euro,0.6502886546809513,0.215421189770043,0.13429015554900567,0
2024-06-19,Scotland,Switzerland,1,1,UEFA Euro,0.20017329673611356,0.24916780511896955,0.5506588981449169,1
2024-06-19,Croatia,Albania,2,2,UEFA Euro,0.8139541707696947,0.13476424407181645,0.051281585158488754,1
2024-06-19,Papua New Guinea,Tahiti,1,1,Oceania Nations Cup,0.1259525238647568,0.20972057995608673,0.6643268961791566,1
2024-06-19,Fiji,Samoa,9,1,Oceania Nations Cup,0.7074237792331233,0.19079665388759356,0.10177956687928308,0
2024-06-20,Denmark,England,1,1,UEFA Euro,0.18640865770549103,0.24354351813536806,0.5700478241591411,1
2024-06-20,Argentina,Canada,2,0,Copa América,0.8357808240471096,0.12160155988293586,0.042617616069954595,0
2024-06-20,Spain,Italy,1,0,UEFA Euro,0.5138280431600348,0.25853893728230076,0.2276330195576645,0
2024-06-20,Slovenia,Serbia,1,1,UEFA Euro,0.27841458950496784,0.27029747086452843,0.45128793963050373,1
2024-06-21,Poland,Austria,1,3,UEFA Euro,0.2356912070382809,0.26086066479616005,0.5034481281655591,2
2024-06-21,Netherlands,France,0,0,UEFA Euro,0.2516203876157765,0.2649244409370449,0.48345517144717853,1
2024-06-21,Slovakia,Ukraine,1,2,UEFA Euro,0.2777554989551225,0.270186061742336,0.4520584393025412,2
2024-06-21,Vanuatu,New Zealand,0,4,Oceania Nations Cup,0.1670831257223483,0.23447144680897294,0.5984454274686788,2
2024-06-21,Peru,Chile,0,0,Copa América,0.42933418297204473,0.2731033470172498,0.29756247001070546,1
2024-06-22,Belgium,Romania,2,0,UEFA Euro,0.6632654789237009,0.2101595892890602,0.12657493178723883,0
2024-06-22,Georgia,Czech Republic,1,1,UEFA Euro,0.23667439074356983,0.2611314258526637,0.5021941834037663,1
2024-06-22,Turkey,Portugal,0,3,UEFA Euro,0.09769924612414174,0.1872021272553352,0.715098626620523,2
2024-06-22,Samoa,Papua New Guinea,1,2,Oceania Nations Cup,0.3465777390434911,0.2767778312350208,0.37664442972148804,2
2024-06-22,Fiji,Tahiti,1,0,Oceania Nations Cup,0.5136718742985498,0.2585749258712276,0.22775319983022269,0
2024-06-22,Ecuador,Venezuela,1,2,Copa América,0.5421773282209523,0.25147991905853645,0.20634275272051134,2
2024-06-22,Mexico,Jamaica,1,0,Copa América,0.4663496483252711,0.2679642638698724,0.2656860878048565,0
2024-06-23,Uruguay,Panama,3,1,Copa América,0.6600711846760778,0.211472892410096,0.12845592291382615,0
2024-06-23,USA,Bolivia,2,0,Copa América,0.8481897208533257,0.11384803629455947,0.03796224285211501,0
2024-06-23,Scotland,Hungary,0,1,UEFA Euro,0.30422049833884557,0.2738899793822585,0.42188952227889576,2
2024-06-23,Germany,Switzerland,1,1,UEFA Euro,0.6107737239186689,0.23022976654932492,0.1589965095320061,1
2024-06-24,Albania,Spain,0,1,UEFA Euro,0.02135819536654022,0.08058080099901538,0.8980610036344445,2
2024-06-24,Croatia,Italy,1,1,UEFA Euro,0.34413719962372624,0.27670601661114613,0.37915678376512757,1
2024-06-24,Colombia,Paraguay,2,1,Copa América,0.7877158201468186,0.1498101325364066,0.06247404731677485,0
2024-06-24,Brazil,Costa Rica,0,0,Copa América,0.8448962390530965,0.11592539380266065,0.039178367144242734,1
2024-06-25,England,Slovenia,0,0,UEFA Euro,0.6916274001349403,0.1979814458547022,0.11039115401035754,1
2024-06-25,Denmark,Serbia,0,0,UEFA Euro,0.4420729216467495,0.27156248515076065,0.28636459320248997,1
2024-06-25,Netherlands,Austria,2,3,UEFA Euro,0.5613297172711176,0.24613036099983615,0.19253992172904635,2
2024-06-25,France,Poland,1,1,UEFA Euro,0.8321888499189943,0.12380898794753573,0.04400216213347007,1
2024-06-25,Peru,Canada,0,1,Copa América,0.33324195677925905,0.2762484750658176,0.3905095681549233,2
2024-06-25,Chile,Argentina,0,1,Copa América,0.023294719008909462,0.0850595041510921,0.8916457768399986,2
2024-06-26,Czech Republic,Turkey,1,2,UEFA Euro,0.3736567424489546,0.276849151520663,0.34949410603038245,2
2024-06-26,Venezuela,Mexico,1,0,Copa América,0.25412103583804224,0.26550147677009633,0.48037748739186137,0
2024-06-26,Ecuador,Jamaica,3,1,Copa América,0.4877926985018146,0.26408903199685874,0.24811826950132657,0
2024-06-26,Georgia,Portugal,2,0,UEFA Euro,0.044555742215354806,0.1246797878456834,0.8307644699389619,0
2024-06-26,Ukraine,Belgium,0,0,UEFA Euro,0.15004382769474922,0.22519989229036388,0.6247562800148869,1
2024-06-26,Slovakia,Romania,1,1,UEFA Euro,0.30766545418914615,0.2742599998675838,0.4180745459432702,1
2024-06-27,Vanuatu,Fiji,2,1,Oceania Nations Cup,0.12255393297267642,0.20728368169973796,0.6701623853275855,0
2024-06-27,New Zealand,Tahiti,5,0,Oceania Nations Cup,0.4853448681313788,0.264563664072926,0.25009146779569524,0
2024-06-27,USA,Panama,1,2,Copa América,0.6599755567050718,0.21151202650056208,0.12851241679436615,2
2024-06-27,Uruguay,Bolivia,5,0,Copa América,0.8874690571150105,0.08794238582194207,0.024588557063047356,0
2024-06-28,Colombia,Costa Rica,3,0,Copa América,0.8155603560057548,0.1338159046939314,0.050623739300313636,0
2024-06-28,Paraguay,Brazil,1,4,Copa América,0.058244545908936435,0.14435221892354078,0.7974032351675225,2
2024-06-29,Switzerland,Italy,2,0,UEFA Euro,0.26336555036080567,0.2674968150395297,0.4691376345996646,0
2024-06-29,Germany,Denmark,2,0,UEFA Euro,0.6030952246963962,0.2328930025794318,0.16401177272417208,0
2024-06-29,Argentina,Peru,2,0,Copa América,0.8852308501082047,0.08947670435581732,0.025292445535978036,0
2024-06-29,Canada,Chile,0,0,Copa América,0.4931537487278692,0.26302090146866147,0.24382534980346926,1
2024-06-30,Jamaica,Venezuela,0,3,Copa América,0.2360205284826168,0.2609516564739696,0.5030278150434137,2
2024-06-30,Mexico,Ecuador,0,0,Copa América,0.31392588603482935,0.2748690248031198,0.4112050891620507,1
2024-06-30,Vanuatu,New Zealand,0,3,Oceania Nations Cup,0.11747576502987778,0.20351350549952196,0.6790107294706001,2
2024-06-30,Spain,Georgia,4,1,UEFA Euro,0.8182679407312174,0.1322100394058935,0.049522019862889,0
2024-06-30,England,Slovakia,2,1,UEFA Euro,0.7703683946691524,0.1593038480667191,0.07032775726412846,0
2024-06-30,Tahiti,Fiji,2,1,Oceania Nations Cup,0.2566311920697378,0.26606458339089,0.47730422453937227,0
2024-07-01,France,Belgium,1,0,UEFA Euro,0.5419439807674079,0.25154224224878835,0.2065137769838038,0
2024-07-01,Portugal,Slovenia,0,0,UEFA Euro,0.6550441382244458,0.21351573559144774,0.1314401261841066,1
2024-07-01,USA,Uruguay,0,1,Copa América,0.24568962887438536,0.2634907731618376,0.49081959796377705,2
2024-07-01,Bolivia,Panama,1,3,Copa América,0.10179895476343054,0.1908134314395445,0.707387613797025,2
2024-07-02,Romania,Netherlands,0,3,UEFA Euro,0.08324394366431352,0.17336355383508406,0.7433925025006023,2
2024-07-02,Austria,Turkey,1,2,UEFA Euro,0.5590491343555931,0.24679148708507342,0.19415937855933346,2
2024-07-02,Brazil,Colombia,1,1,Copa América,0.35405982166429206,0.27692940375167174,0.3690107745840363,1
2024-07-02,Costa Rica,Paraguay,2,1,Copa América,0.34507099309090117,0.2767348051457948,0.37819420176330404,0
2024-07-04,Argentina,Ecuador,1,1,Copa América,0.784582792262963,0.1515512122025798,0.06386599553445713,1
2024-07-05,Germany,Spain,1,2,UEFA Euro,0.2773306705017822,0.2701137147145722,0.4525556147836457,2
2024-07-05,Portugal,France,0,0,UEFA Euro,0.20268773224300754,0.2501252529105921,0.5471870148464004,1
2024-07-05,Venezuela,Canada,1,1,Copa América,0.4384718936173472,0.2720227223639189,0.28950538401873394,1
2024-07-06,Colombia,Panama,5,0,Copa América,0.682640942510371,0.20194056469234223,0.11541849279728683,0
2024-07-06,Uruguay,Brazil,0,0,Copa América,0.359952973930958,0.276977024558613,0.3630700015104291,1
2024-07-06,Netherlands,Turkey,2,1,UEFA Euro,0.623959922477334,0.22549257739179138,0.15054750013087478,0
2024-07-06,England,Switzerland,1,1,UEFA Euro,0.4419316989482081,0.2715808976229139,0.28648740342887813,1
2024-07-09,Spain,France,2,1,UEFA Euro,0.4419646561642432,0.27157660334091327,0.28645874049484354,0
2024-07-09,Argentina,Canada,2,0,Copa América,0.8268236069255641,0.1270756705344448,0.04610072253999105,0
2024-07-10,Netherlands,England,1,2,UEFA Euro,0.4132224605916681,0.2746978538191805,0.31207968558915145,2
2024-07-10,Uruguay,Colombia,0,1,Copa América,0.320137707996186,0.2753938738786197,0.4044684181251943,2
2024-07-13,Canada,Uruguay,2,2,Copa América,0.1256432937132712,0.20950163813820832,0.6648550681485205,1
2024-07-14,Spain,England,2,1,UEFA Euro,0.5811689141635668,0.24010771932341818,0.17872336651301496,0
2024-07-14,Argentina,Colombia,1,0,Copa América,0.4911056281164085,0.26343359320327664,0.24546077868031477,0
2024-07-27,Guatemala,El Salvador,0,1,Friendly,0.5851682984323271,0.2388351564974449,0.17599654507022797,2
2024-07-27,Jordan,North Korea,0,0,Friendly,0.7989760709658523,0.14345541031160142,0.0575685187225463,1
