match_key,date,home_team,away_team,p_home,p_draw,p_away,p_home_book,p_draw_book,p_away_book,p_home_poly,p_draw_poly,p_away_poly,poly_volume,neutral_used,lambda_home,lambda_away,scoreline_grid,top_scorelines,forecast_ts,outcome,actual_home_score,actual_away_score,result_note
2026-06-11_mexico_vs_south_africa,2026-06-11,Mexico,South Africa,0.8316,0.1592,0.0092,0.6778,0.213,0.1092,0.6915,0.204,0.1045,1470511.0,False,,,,,2026-06-10T08:33:15,H,2.0,0.0,
2026-06-11_south_korea_vs_czech_republic,2026-06-11,South Korea,Czech Republic,0.467,0.3057,0.2273,0.3559,0.3086,0.3355,0.3632,0.3134,0.3234,884496.0,True,,,,,2026-06-10T08:33:15,H,2.0,1.0,
2026-06-12_canada_vs_bosnia_and_herzegovina,2026-06-12,Canada,Bosnia and Herzegovina,0.7995,0.1784,0.0221,0.5234,0.27,0.2066,0.5276,0.2663,0.206,988651.0,False,,,,,2026-06-11T08:47:35,D,1.0,1.0,
2026-06-12_usa_vs_paraguay,2026-06-12,USA,Paraguay,0.4441,0.3093,0.2465,0.4926,0.2796,0.2278,0.4975,0.2764,0.2261,1122901.0,False,,,,,2026-06-11T08:47:35,H,4.0,1.0,
2026-06-13_qatar_vs_switzerland,2026-06-13,Qatar,Switzerland,0.0341,0.157,0.809,0.0685,0.1471,0.7844,0.0576,0.1353,0.807,538606.0,True,,,,,2026-06-12T08:28:42,D,1.0,1.0,
2026-06-13_brazil_vs_morocco,2026-06-13,Brazil,Morocco,0.3847,0.3151,0.3001,0.5816,0.2497,0.1687,0.592,0.2438,0.1642,741121.0,True,,,,,2026-06-12T08:28:42,D,1.0,1.0,
2026-06-13_haiti_vs_scotland,2026-06-13,Haiti,Scotland,0.2448,0.3037,0.4515,0.1637,0.2271,0.6092,0.1558,0.2261,0.6181,342615.0,True,,,,,2026-06-12T08:28:42,A,0.0,1.0,
2026-06-13_australia_vs_turkey,2026-06-13,Australia,Turkey,0.3241,0.315,0.3609,0.1865,0.2533,0.5602,0.1741,0.2537,0.5721,187785.0,True,,,,,2026-06-12T08:28:42,H,2.0,0.0,
2026-06-14_germany_vs_cura_ao,2026-06-14,Germany,Curaçao,0.839,0.1545,0.0065,0.9198,0.0553,0.0249,0.9367,0.0389,0.0244,1878372.0,True,,,,,2026-06-13T09:15:59,H,7.0,1.0,
2026-06-14_ivory_coast_vs_ecuador,2026-06-14,Ivory Coast,Ecuador,0.1695,0.2777,0.5528,0.265,0.3392,0.3958,0.2637,0.3333,0.403,145069.0,True,,,,,2026-06-13T09:15:59,H,1.0,0.0,
2026-06-14_netherlands_vs_japan,2026-06-14,Netherlands,Japan,0.3405,0.3157,0.3438,0.4792,0.2673,0.2536,0.4774,0.2663,0.2563,1178080.0,True,,,,,2026-06-13T09:15:59,D,2.0,2.0,
2026-06-14_sweden_vs_tunisia,2026-06-14,Sweden,Tunisia,0.4097,0.3134,0.277,0.5027,0.2786,0.2187,0.5075,0.2764,0.2161,306249.0,True,,,,,2026-06-13T09:15:59,H,5.0,1.0,
2026-06-15_belgium_vs_egypt,2026-06-15,Belgium,Egypt,0.5376,0.2899,0.1725,0.5901,0.2424,0.1675,0.5961,0.2414,0.1626,142115.0,True,,,,,2026-06-14T09:48:43,D,1.0,1.0,
2026-06-15_iran_vs_new_zealand,2026-06-15,Iran,New Zealand,0.6495,0.2521,0.0984,0.5211,0.2764,0.2025,0.5276,0.2764,0.196,219332.0,True,,,,,2026-06-14T09:48:43,D,2.0,2.0,
2026-06-15_spain_vs_cape_verde,2026-06-15,Spain,Cape Verde,0.9112,0.0888,0.0,0.8782,0.0849,0.0369,0.9005,0.0682,0.0313,750971.0,True,,,,,2026-06-14T09:48:43,D,0.0,0.0,
2026-06-15_saudi_arabia_vs_uruguay,2026-06-15,Saudi Arabia,Uruguay,0.1082,0.2402,0.6516,0.1175,0.2151,0.6674,0.1144,0.2139,0.6716,229804.0,True,,,,,2026-06-14T09:48:43,D,1.0,1.0,
2026-06-16_france_vs_senegal,2026-06-16,France,Senegal,0.6484,0.2526,0.0991,0.6522,0.2179,0.1299,0.6617,0.2139,0.1244,744256.0,True,1.9416,0.7402,"[[0.07109377952756232, 0.04800290659230817, 0.018749040595688857, 0.004626083435636525, 0.0008560697217111801, 0.0001441893396859998], [0.13022508032370314, 0.10101557327380031, 0.036403535168976126, 0.008982101787252799, 0.0016621631417542708, 0.0002799610823530721], [0.12900208740688515, 0.09548879314700749, 0.035340938274559, 0.008719919737620234, 0.0016136456177213876, 0.0002717891898353488], [0.08349106365950446, 0.06180102250795477, 0.02287290528843288, 0.005643593747619959, 0.0010443628603320275, 0.00017590388656995584], [0.04052700532478002, 0.02999854425703693, 0.011102629596359008, 0.0027394303514140517, 0.0005069392740555938, 8.538467993105468e-05], [0.022674131756488018, 0.016783646843281392, 0.00621172189491635, 0.0015326620910651172, 0.00028362342098459293, 4.7771195212356866e-05]]","[{""score"": ""1-0"", ""prob"": 0.13022508032370314}, {""score"": ""2-0"", ""prob"": 0.12900208740688515}, {""score"": ""1-1"", ""prob"": 0.10101557327380031}]",2026-06-15T08:59:41,H,3.0,1.0,
2026-06-16_iraq_vs_norway,2026-06-16,Iraq,Norway,0.109,0.2409,0.6501,0.0628,0.1332,0.804,0.0547,0.1244,0.8209,237429.0,True,0.6973,2.0247,"[[0.06825165092705932, 0.13060836511620955, 0.1347578363294345, 0.0909476695720641, 0.04603523712918942, 0.027336485530171928], [0.043337052357335926, 0.09532430323283422, 0.09396410919413761, 0.06341610245010407, 0.03209950653860669, 0.019061218117673057], [0.015982781826940767, 0.032360198116096445, 0.03275970458246101, 0.02210942880056703, 0.011191191620567587, 0.006645514759541628], [0.003714831230398998, 0.007521386194544805, 0.0076142423139655075, 0.0051388298660365525, 0.0026011359341330336, 0.001544597557429589], [0.0006475705177502175, 0.0013111303448575722, 0.0013273170520321754, 0.000895802396014138, 0.0004534308126359501, 0.0002692547192441278], [0.00010194682923861156, 0.0002064108505759903, 0.00020895911895299696, 0.0001410258981759547, 7.138347463364976e-05, 4.2388688385377294e-05]]","[{""score"": ""0-2"", ""prob"": 0.1347578363294345}, {""score"": ""0-1"", ""prob"": 0.13060836511620955}, {""score"": ""1-1"", ""prob"": 0.09532430323283422}]",2026-06-15T08:59:41,A,1.0,4.0,
2026-06-16_argentina_vs_algeria,2026-06-16,Argentina,Algeria,0.7383,0.2116,0.0501,0.6863,0.2072,0.1065,0.7015,0.204,0.0945,499596.0,True,2.2336,0.6019,"[[0.060826470668666706, 0.033195992995477173, 0.010630635941197604, 0.0021326916059332085, 0.0003208914436899789, 4.2860340427382084e-05], [0.12897038792933266, 0.08103372084387514, 0.02374408348305177, 0.004763478668161134, 0.0007167278862823619, 9.573082051243036e-05], [0.14641023507491185, 0.08811736600542334, 0.026516828511889502, 0.005319739843983989, 0.0008004246811128429, 0.00010690990674129511], [0.10900498219238575, 0.0656049210449428, 0.0197422428716007, 0.00396063940929335, 0.0005959301825204311, 7.959629649226221e-05], [0.060867087622064685, 0.03663300885305867, 0.011023833980367737, 0.002211574013556423, 0.00033276033724849154, 4.444562675525838e-05], [0.04171674019315312, 0.025107324377099675, 0.007555452972334184, 0.001515756086677252, 0.00022806539753923006, 3.0461892239424927e-05]]","[{""score"": ""2-0"", ""prob"": 0.14641023507491185}, {""score"": ""1-0"", ""prob"": 0.12897038792933266}, {""score"": ""3-0"", ""prob"": 0.10900498219238575}]",2026-06-15T08:59:41,H,3.0,0.0,
2026-06-16_austria_vs_jordan,2026-06-16,Austria,Jordan,0.446,0.3091,0.2449,0.7146,0.1791,0.1063,0.7286,0.1759,0.0955,173733.0,True,1.4439,1.0734,"[[0.08405432192067183, 0.08322577511802216, 0.04648025663831434, 0.01663100146987443, 0.004463027367349476, 0.0011598382334111561], [0.11311220987598178, 0.12841743324265628, 0.06711115067872045, 0.024012897653898187, 0.006444002761519738, 0.001674648207110672], [0.08409662647323779, 0.09027130353675823, 0.048449673809559876, 0.017335674426494495, 0.004652130512828915, 0.0012089817945261806], [0.040474685949168136, 0.04344648310042548, 0.023318240148498943, 0.008343449761955425, 0.002239013969974334, 0.0005818682687263436], [0.014609981440858833, 0.015682698874179876, 0.008417089541619056, 0.0030117008524290266, 0.0008082076927843587, 0.00021003460330224654], [0.005488382718232754, 0.005891359535583189, 0.003161962180790017, 0.0011313749423891575, 0.0003036111409022905, 7.890155724435736e-05]]","[{""score"": ""1-1"", ""prob"": 0.12841743324265628}, {""score"": ""1-0"", ""prob"": 0.11311220987598178}, {""score"": ""2-1"", ""prob"": 0.09027130353675823}]",2026-06-15T08:59:41,H,3.0,1.0,
2026-06-17_portugal_vs_dr_congo,2026-06-17,Portugal,DR Congo,0.7675,0.1963,0.0362,0.7437,0.1696,0.0867,0.7612,0.1642,0.0746,334651.0,True,2.3472,0.5567,"[[0.05674762546835659, 0.0285807296001065, 0.008493629946567475, 0.0015761178929458086, 0.00021935388297684077, 2.6882156695288e-05], [0.12672268736552775, 0.07355611107967117, 0.019935858352968627, 0.003699391574511116, 0.000514857365780012, 6.309656430418768e-05], [0.15098830364736474, 0.0840542978094964, 0.02339626583509478, 0.004341521050809611, 0.0006042247885028776, 7.404867980124388e-05], [0.11813093865265235, 0.0657627965753935, 0.01830488042651088, 0.0033967396448813616, 0.0004727362298853872, 5.7934554131692244e-05], [0.06931787924885537, 0.03858885440235021, 0.010741093785773691, 0.0019931678460289584, 0.00027739619504850736, 3.3995331565468355e-05], [0.05119311433118469, 0.028498904708795958, 0.007932586053924462, 0.0014720079513206759, 0.00020486453541332682, 2.5106464802676294e-05]]","[{""score"": ""2-0"", ""prob"": 0.15098830364736474}, {""score"": ""1-0"", ""prob"": 0.12672268736552775}, {""score"": ""3-0"", ""prob"": 0.11813093865265235}]",2026-06-16T08:47:22,D,1.0,1.0,
2026-06-17_uzbekistan_vs_colombia,2026-06-17,Uzbekistan,Colombia,0.1325,0.2573,0.6102,0.1053,0.203,0.6918,0.0945,0.194,0.7114,149535.0,True,0.7588,1.9073,"[[0.07223527482626861, 0.12987808234130438, 0.12645087151117754, 0.08039443876970576, 0.03833464554962352, 0.020916753188531693], [0.050036677584403944, 0.10333466361742816, 0.09595575488724505, 0.0610063732158747, 0.029089794384880466, 0.015872431862348487], [0.020015634169318404, 0.03817638399241543, 0.03640744735858606, 0.023146983982410954, 0.011037223968318832, 0.006022304010428985], [0.005062876101764976, 0.009656566488574311, 0.00920912091012346, 0.00585493874643872, 0.0027918224816821727, 0.0015233181618947707], [0.0009604759786145634, 0.0018319429434460535, 0.001747058241312118, 0.0011107378314578209, 0.0005296354041286987, 0.0002889880125206227], [0.0001664103657022309, 0.00031739918743643687, 0.00030269221439479073, 0.0001924444680009785, 9.17636913908439e-05, 5.00695508454942e-05]]","[{""score"": ""0-1"", ""prob"": 0.12987808234130438}, {""score"": ""0-2"", ""prob"": 0.12645087151117754}, {""score"": ""1-1"", ""prob"": 0.10333466361742816}]",2026-06-16T08:47:22,A,1.0,3.0,
2026-06-17_england_vs_croatia,2026-06-17,England,Croatia,0.5279,0.2925,0.1796,0.5558,0.2547,0.1895,0.5622,0.2537,0.1841,409399.0,True,1.6293,0.9319,"[[0.08037182257921063, 0.06878588556179412, 0.03352677429568971, 0.010414882613226874, 0.0024264885779939297, 0.0005330754954885836], [0.12263049239277389, 0.12039831050788323, 0.054626555501237586, 0.016969397595266278, 0.003953577872117137, 0.0008685618808368506], [0.10248212832432488, 0.09550629538989527, 0.04450264942895847, 0.013824469532691605, 0.0032208637066441156, 0.0007075918394555093], [0.055659452168187566, 0.051870781441927936, 0.024170000445441587, 0.007508259374456973, 0.0017492953391138547, 0.000384302851499481], [0.02267205999463591, 0.021128800644074533, 0.009845294533506584, 0.0030583791316988644, 0.0007125497526796396, 0.00015654011970828936], [0.009976520157979438, 0.009297430652062968, 0.004332282968464796, 0.0013457965912826778, 0.00031354746647872247, 6.888327131155082e-05]]","[{""score"": ""1-0"", ""prob"": 0.12263049239277389}, {""score"": ""1-1"", ""prob"": 0.12039831050788323}, {""score"": ""2-0"", ""prob"": 0.10248212832432488}]",2026-06-16T08:47:22,H,4.0,2.0,
2026-06-17_ghana_vs_panama,2026-06-17,Ghana,Panama,0.1058,0.2384,0.6558,0.4375,0.285,0.2775,0.4372,0.2864,0.2764,151380.0,True,0.6885,2.0424,"[[0.06763464593323355, 0.13060937469498565, 0.13590410486153853, 0.09252306270858679, 0.047242045089616796, 0.02840570551006658], [0.0423903659543403, 0.09410461208470164, 0.09357269767686911, 0.06370398144919273, 0.032527094066154075, 0.019557897067933677], [0.01544501607610543, 0.03154474676980237, 0.03221333807189768, 0.02193073344999886, 0.011197777809802877, 0.00673300188908056], [0.003544734284948503, 0.007239729944854332, 0.007393176111532146, 0.005033249714420515, 0.00256996475251664, 0.0015452688763315978], [0.000610155134622775, 0.001246174760656088, 0.0012725874502853786, 0.0008663733048010138, 0.00044236804891296884, 0.00026598714134088835], [9.469912224379989e-05, 0.00019341254264699256, 0.00019751192390605234, 0.00013446546106809352, 6.8657729098125e-05, 4.128253190672969e-05]]","[{""score"": ""0-2"", ""prob"": 0.13590410486153853}, {""score"": ""0-1"", ""prob"": 0.13060937469498565}, {""score"": ""1-1"", ""prob"": 0.09410461208470164}]",2026-06-16T08:47:22,H,1.0,0.0,
2026-06-18_czech_republic_vs_south_africa,2026-06-18,Czech Republic,South Africa,0.5346,0.2907,0.1746,0.5399,0.2559,0.2042,0.5423,0.2537,0.204,249545.0,True,1.6453,0.9208,"[[0.07997569520378914, 0.06760570574067468, 0.03257309846239296, 0.00999790540930074, 0.0023015490686754342, 0.0004985599641742129], [0.12327106869737348, 0.11954645504406461, 0.05359292606390592, 0.016449678743740124, 0.003786767452055051, 0.0008202869410553846], [0.1039952382210223, 0.09576011529439511, 0.044088555582260096, 0.01353243102902996, 0.0031152079117296623, 0.0006748141788525938], [0.057034888461841925, 0.05251843823176982, 0.024179817202145775, 0.007421692642483619, 0.0017084968390892368, 0.0003700934012144694], [0.023460053730593573, 0.021602310725802196, 0.009945838872601366, 0.0030527509189590823, 0.0007027528013910025, 0.00015222982479642043], [0.010458433291085738, 0.009630256104847888, 0.004433830099772623, 0.0013609087262489595, 0.00031328544162228, 6.786367524260356e-05]]","[{""score"": ""1-0"", ""prob"": 0.12327106869737348}, {""score"": ""1-1"", ""prob"": 0.11954645504406461}, {""score"": ""2-0"", ""prob"": 0.1039952382210223}]",2026-06-17T08:33:08,D,1.0,1.0,
2026-06-18_mexico_vs_south_korea,2026-06-18,Mexico,South Korea,0.6034,0.2695,0.1271,0.473,0.2902,0.2368,0.4778,0.2808,0.2414,602851.0,False,1.8176,0.8102,"[[0.07510679451584211, 0.05565474261207253, 0.023710301911072023, 0.006403639020558328, 0.0012971131554782626, 0.00024222818537123687], [0.1284216749923293, 0.10925115196809242, 0.04309596389783162, 0.011639286462052896, 0.0023576393893908966, 0.0004402751669273917], [0.11932023152331232, 0.09667743077129672, 0.039165720268958676, 0.010577812780420909, 0.002142628600647413, 0.0004001231778949705], [0.07229235080031197, 0.05857379465799952, 0.023729269989534545, 0.006408761887734089, 0.0012981508370818189, 0.00024242196625362249], [0.03284973502092745, 0.026616005875924522, 0.010782610093139923, 0.0029121494527934917, 0.0005898813711719676, 0.00011015684600824117], [0.016762739413297645, 0.0135817585876017, 0.005502208254384713, 0.0014860272808488676, 0.00030100783776231595, 5.621142767363394e-05]]","[{""score"": ""1-0"", ""prob"": 0.1284216749923293}, {""score"": ""2-0"", ""prob"": 0.11932023152331232}, {""score"": ""1-1"", ""prob"": 0.10925115196809242}]",2026-06-17T08:33:08,H,1.0,0.0,
2026-06-18_switzerland_vs_bosnia_and_herzegovina,2026-06-18,Switzerland,Bosnia and Herzegovina,0.7648,0.1978,0.0374,0.6162,0.2313,0.1525,0.6219,0.2338,0.1443,171359.0,True,2.3362,0.5609,"[[0.057139692085962944, 0.028999862061891236, 0.008679909442752093, 0.0016227325060779983, 0.000227530667541786, 2.8113667667753865e-05], [0.12697609453353717, 0.07426296820152695, 0.020277987948329503, 0.0037910245975076593, 0.0005315567132028523, 6.567909698943803e-05], [0.15060123531006367, 0.08446592269365519, 0.023686698458355148, 0.0044282922308753305, 0.0006209108917133744, 7.671969079822045e-05], [0.11727810659634126, 0.06577637603722139, 0.018445606644560752, 0.003448455965338571, 0.00048352361516336385, 5.9744131958463385e-05], [0.0684962224504925, 0.03841666118076055, 0.010773147799092553, 0.0020140690685394097, 0.00028240173776244553, 3.4893531891877865e-05], [0.050227768630159514, 0.02817065088115085, 0.007899868864482792, 0.0014769018138609913, 0.00020708308630215718, 2.5587166472152392e-05]]","[{""score"": ""2-0"", ""prob"": 0.15060123531006367}, {""score"": ""1-0"", ""prob"": 0.12697609453353717}, {""score"": ""3-0"", ""prob"": 0.11727810659634126}]",2026-06-17T08:33:08,H,4.0,1.0,
2026-06-18_canada_vs_qatar,2026-06-18,Canada,Qatar,0.86,0.14,0.0,0.7454,0.1688,0.0859,0.7512,0.1642,0.0846,265705.0,False,2.8369,0.407,"[[0.04023795830292302, 0.01466374816821503, 0.0032312507008423652, 0.0004383258624144713, 4.4594859572015705e-05, 3.890889230645737e-06], [0.1094827647096024, 0.046266032073232995, 0.00916662597772728, 0.0012434718346276102, 0.00012650965092846924, 1.103793224363512e-05], [0.1570192779727792, 0.06389997261602792, 0.013002245816711057, 0.0017637816246969253, 0.00017944547792775705, 1.5656568587903465e-05], [0.14848089545162116, 0.06042522469761146, 0.012295210668858372, 0.001667870839792777, 0.00016968760518741225, 1.4805196875473086e-05], [0.10530510934111502, 0.04285456977067244, 0.008719966968935991, 0.0011828816132676285, 0.0001203452589893261, 1.050009074262628e-05], [0.1051473237362732, 0.04279035793656667, 0.008706901266131988, 0.001181109223570932, 0.00012016493773427696, 1.0484357762725444e-05]]","[{""score"": ""2-0"", ""prob"": 0.1570192779727792}, {""score"": ""3-0"", ""prob"": 0.14848089545162116}, {""score"": ""1-0"", ""prob"": 0.1094827647096024}]",2026-06-17T08:33:08,H,6.0,0.0,
2026-06-19_scotland_vs_morocco,2026-06-19,Scotland,Morocco,0.1329,0.2576,0.6095,0.1805,0.2647,0.5548,0.1741,0.2637,0.5622,265010.0,True,0.76,1.9053,"[[0.07230216748507014, 0.12985397652098254, 0.12629673346259426, 0.08021097543416246, 0.03820645477346412, 0.020815715253016735], [0.05015905021517848, 0.10347114888698764, 0.09598022559843951, 0.06095698049009275, 0.029035304777377712, 0.01581907141382361], [0.02009303524005054, 0.03828322186610136, 0.03647047494168071, 0.02316237553749397, 0.011032807525768438, 0.006010915727706849], [0.005089954961420616, 0.009697881517080276, 0.00923867761425909, 0.005867478301653462, 0.002794823814982893, 0.0015226813652294043], [0.0009670381253916957, 0.0018424959029363604, 0.0017552519715612169, 0.0011147594154789474, 0.0005309872490672874, 0.0002892935093062858], [0.0001678289115949121, 0.00031976410638685424, 0.00030462297217353574, 0.00019346585669953025, 9.215253229612185e-05, 5.0206722489540715e-05]]","[{""score"": ""0-1"", ""prob"": 0.12985397652098254}, {""score"": ""0-2"", ""prob"": 0.12629673346259426}, {""score"": ""1-1"", ""prob"": 0.10347114888698764}]",2026-06-18T07:28:47,A,0.0,1.0,
2026-06-19_brazil_vs_haiti,2026-06-19,Brazil,Haiti,0.7588,0.201,0.0402,0.8646,0.0925,0.0429,0.8793,0.079,0.0417,569522.0,True,2.3121,0.5702,"[[0.05800325677467362, 0.029940692313867565, 0.009103745224191256, 0.001730183849379843, 0.00024661851350201753, 3.102873926033042e-05], [0.12750679319943065, 0.07582890617289907, 0.02104882054141949, 0.004000367810435288, 0.0005702080522971533, 7.174172258046831e-05], [0.14970924117221582, 0.08535756596882044, 0.02433354818671577, 0.004624636458288181, 0.0006591906225682711, 8.293722016274514e-05], [0.11538119287625392, 0.06578523613760609, 0.018753911212904695, 0.003564215989596061, 0.0005080394487957838, 6.391987108671549e-05], [0.06669337626709916, 0.03802560362892809, 0.010840255901526881, 0.002060210959564999, 0.00029366021682065784, 3.694737337221744e-05], [0.04814357537878319, 0.027449330309824736, 0.007825195039314782, 0.001487192989462473, 0.00021198286210064862, 2.667099425090727e-05]]","[{""score"": ""2-0"", ""prob"": 0.14970924117221582}, {""score"": ""1-0"", ""prob"": 0.12750679319943065}, {""score"": ""3-0"", ""prob"": 0.11538119287625392}]",2026-06-18T07:28:47,H,3.0,0.0,
2026-06-19_usa_vs_australia,2026-06-19,USA,Australia,0.3359,0.3156,0.3485,0.5966,0.2243,0.1791,0.6059,0.2118,0.1823,752687.0,False,1.2098,1.2911,"[[0.08547547268284553, 0.10242907328374223, 0.06835327747469477, 0.029415856315271355, 0.009494342861770947, 0.0030945818275324877], [0.09576357247906049, 0.13155978174255775, 0.0826924980854457, 0.03558674480434172, 0.011486075839014695, 0.0037437663752586275], [0.060018628453870335, 0.07748711178446344, 0.05001990754681054, 0.021526084302904987, 0.006947818300875469, 0.0022645687614104596], [0.024203132616672486, 0.03124747917296593, 0.020171045007461905, 0.008680616110734937, 0.002801779581848962, 0.0009132107724540424], [0.007320122646302245, 0.009450651845634225, 0.006100636876112102, 0.0026254111640191076, 0.0008473849435883278, 0.00027619626608512343], [0.0022007249428324075, 0.002841248193186845, 0.0018340981960466365, 0.0007893047853188867, 0.0002547581880308383, 8.303576883342982e-05]]","[{""score"": ""1-1"", ""prob"": 0.13155978174255775}, {""score"": ""0-1"", ""prob"": 0.10242907328374223}, {""score"": ""1-0"", ""prob"": 0.09576357247906049}]",2026-06-18T07:28:47,H,2.0,0.0,
2026-06-19_turkey_vs_paraguay,2026-06-19,Turkey,Paraguay,0.4996,0.2992,0.2012,0.4719,0.286,0.2421,0.4673,0.2864,0.2462,287822.0,True,1.5635,0.9795,"[[0.08188415986245165, 0.07376787127754937, 0.03771930126168379, 0.012315078082678106, 0.0030155877052894897, 0.0007025201606620202], [0.11969024696120804, 0.12366987092351682, 0.05897368337787022, 0.019254479572222788, 0.004714835868674886, 0.0010983819990201765], [0.09610883159560368, 0.09413650777808587, 0.04610232977308914, 0.015052076044836675, 0.0036857951817404135, 0.0008586536610100035], [0.05008834217274474, 0.04906044048455269, 0.024026816581763918, 0.007844581219302234, 0.0019208991221376227, 0.00044749829611409375], [0.01957813329921432, 0.019176355252727845, 0.009391411202455653, 0.0030662275916087944, 0.0007508257897187521, 0.00017491457917048712], [0.008157267066896484, 0.007989865467534728, 0.003912949623064858, 0.0012775496504379962, 0.0003128330159900949, 7.28784973715922e-05]]","[{""score"": ""1-1"", ""prob"": 0.12366987092351682}, {""score"": ""1-0"", ""prob"": 0.11969024696120804}, {""score"": ""2-0"", ""prob"": 0.09610883159560368}]",2026-06-18T07:28:47,A,0.0,1.0,
2026-06-20_germany_vs_ivory_coast,2026-06-20,Germany,Ivory Coast,0.5983,0.2713,0.1304,0.6258,0.2106,0.1637,0.6418,0.204,0.1542,459975.0,True,1.8042,0.8183,"[[0.07551893689266419, 0.0565302943481199, 0.02431246204780198, 0.006631269609404332, 0.0013565184146966621, 0.00025620715878852643], [0.12813405443100212, 0.11010991135054628, 0.04386468078424335, 0.011964173930178849, 0.0024474381542118, 0.0004622503970515275], [0.11820150513362968, 0.09671904645905889, 0.03957045190488063, 0.010792914951653519, 0.002207840842334274, 0.00041699738325942464], [0.07108660681518703, 0.05816701588869014, 0.023797743970192537, 0.0064908792886399615, 0.001327799622281412, 0.0002507830081623117], [0.03206371396953094, 0.02623631431395978, 0.010734005883332802, 0.002927720230940054, 0.0005989058868482496, 0.00011311602849521589], [0.016195786279508392, 0.013252293224505567, 0.005421881737550533, 0.0014788284099451665, 0.0003025149162118597, 5.713633249211829e-05]]","[{""score"": ""1-0"", ""prob"": 0.12813405443100212}, {""score"": ""2-0"", ""prob"": 0.11820150513362968}, {""score"": ""1-1"", ""prob"": 0.11010991135054628}]",2026-06-19T07:45:55,H,2.0,1.0,
2026-06-20_ecuador_vs_cura_ao,2026-06-20,Ecuador,Curaçao,0.8233,0.1643,0.0124,0.8641,0.0953,0.0406,0.8668,0.0941,0.0391,780109.0,True,2.6076,0.4687,"[[0.04765609575104087, 0.0201016012870183, 0.005067868794111241, 0.0007918133226459293, 9.278579863513497e-05, 9.426041096475263e-06], [0.11877459224123608, 0.05790872696134171, 0.013214851138222614, 0.0020647131196817855, 0.0002419459868671362, 2.457911500341717e-05], [0.15684179150096067, 0.07351576674740748, 0.017229361858016396, 0.002691947801749966, 0.00031544622896065717, 3.20459505834912e-05], [0.13632561083307906, 0.06389930714124176, 0.014975621338422753, 0.002339819157205181, 0.0002741832992119929, 2.7854079873822062e-05], [0.08886983496789322, 0.04165556893897261, 0.009762516292825263, 0.0015253138503090683, 0.00017873842195181863, 1.8157904933945374e-05], [0.07733133798396814, 0.03624717972862171, 0.008494990986392772, 0.0013272733198221062, 0.00015553175409486043, 1.5800356600583214e-05]]","[{""score"": ""2-0"", ""prob"": 0.15684179150096067}, {""score"": ""3-0"", ""prob"": 0.13632561083307906}, {""score"": ""1-0"", ""prob"": 0.11877459224123608}]",2026-06-19T07:45:55,D,0.0,0.0,
2026-06-20_netherlands_vs_sweden,2026-06-20,Netherlands,Sweden,0.6747,0.2415,0.0838,0.5455,0.2495,0.205,0.5522,0.2438,0.204,251272.0,True,2.0201,0.6996,"[[0.06841216103517044, 0.0435869424111373, 0.016126048580040814, 0.0037605429255100605, 0.0006577099323686881, 0.00010392949057701589], [0.13060354130389434, 0.09564253239452991, 0.03257575340550249, 0.0075965614517522805, 0.001328620366163989, 0.0002099448876017088], [0.13445386505901824, 0.09406263323818458, 0.03290265760607741, 0.007672794465232909, 0.0013419533372625188, 0.00021205172653776956], [0.09053542432377237, 0.06333771371683762, 0.02215522823712395, 0.005166528328166944, 0.0009036134049284106, 0.00014278647201594762], [0.04572198270697316, 0.031986660170764424, 0.011188780191764572, 0.002609187736622883, 0.00045634067308477423, 7.210968140996106e-05], [0.0270617724942496, 0.01893215624396107, 0.006622377379787608, 0.0015443172133588544, 0.00027009737425515146, 4.268003436018034e-05]]","[{""score"": ""2-0"", ""prob"": 0.13445386505901824}, {""score"": ""1-0"", ""prob"": 0.13060354130389434}, {""score"": ""1-1"", ""prob"": 0.09564253239452991}]",2026-06-19T07:45:55,H,5.0,1.0,
2026-06-20_tunisia_vs_japan,2026-06-20,Tunisia,Japan,0.079,0.2144,0.7066,0.1421,0.2334,0.6245,0.1343,0.2338,0.6318,221203.0,True,0.6104,2.2132,"[[0.06155965729322886, 0.12928002949876485, 0.1454559732310998, 0.10730570299552787, 0.05937112948811444, 0.040140223787812956], [0.03408939625290178, 0.08240647680890396, 0.08879191156963537, 0.06550352164746523, 0.03624241729091739, 0.024503133984674477], [0.011065989519603482, 0.02449078765962241, 0.027100996215754843, 0.019992932474422017, 0.01106188161159997, 0.007478826952295155], [0.0022517016455878384, 0.004983372411226548, 0.0055144962561171455, 0.00406815123699807, 0.0022508657706581683, 0.0015217877195453098], [0.0003436312874525017, 0.000760510470328319, 0.000841565067847535, 0.0006208389330177806, 0.00034350372491383474, 0.00023223941516472185], [4.6624114094056325e-05, 0.00010318654974981915, 0.00011418408967291508, 8.423582573532176e-05, 4.660680632676589e-05, 3.151039321841028e-05]]","[{""score"": ""0-2"", ""prob"": 0.1454559732310998}, {""score"": ""0-1"", ""prob"": 0.12928002949876485}, {""score"": ""0-3"", ""prob"": 0.10730570299552787}]",2026-06-19T07:45:55,A,0.0,4.0,
2026-06-21_belgium_vs_iran,2026-06-21,Belgium,Iran,0.3821,0.3153,0.3026,0.665,0.2072,0.1278,0.6784,0.206,0.1156,207173.0,True,1.3069,1.1947,"[[0.08540998573660441, 0.09445863785897361, 0.05848973767083195, 0.02329299407284849, 0.0069571636985002756, 0.0020595745424461824], [0.10364908044394056, 0.13141440671228605, 0.07643802140095256, 0.030440731149330325, 0.009092053561065835, 0.002691579911647757], [0.06998507065161218, 0.08361271057754248, 0.04994697658394688, 0.019890918917674614, 0.005941030105063487, 0.0017587618878269005], [0.030486945466804742, 0.036423427510686446, 0.021757936902382546, 0.008664896022560657, 0.002588035693088829, 0.0007661530847084756], [0.00996055839383348, 0.011900099241453363, 0.007108655777978786, 0.002830956053081316, 0.0008455514401862556, 0.0002503141073008991], [0.003296464646773508, 0.003938359165369005, 0.0023526223663019527, 0.000936909977991746, 0.0002798367641043132, 8.284190229906493e-05]]","[{""score"": ""1-1"", ""prob"": 0.13141440671228605}, {""score"": ""1-0"", ""prob"": 0.10364908044394056}, {""score"": ""0-1"", ""prob"": 0.09445863785897361}]",2026-06-20T09:13:17,D,0.0,0.0,
2026-06-21_new_zealand_vs_egypt,2026-06-21,New Zealand,Egypt,0.2297,0.2999,0.4705,0.1693,0.2343,0.5964,0.1642,0.2338,0.602,125552.0,True,0.9846,1.5566,"[[0.08202967131747217, 0.1193563330872878, 0.09543393298884491, 0.04951849193423947, 0.019270512332295573, 0.007982832213164013], [0.07429671246783723, 0.12398625582665244, 0.09396344877577961, 0.04875549120311995, 0.018973584570074635, 0.007859829541290698], [0.03818065633817185, 0.05943321616473859, 0.04625781118583145, 0.024002123546232896, 0.009340615994792549, 0.003869361071893337], [0.012530784504350256, 0.019505815132261947, 0.015181684109318564, 0.007877429741927709, 0.0030655640157661295, 0.0012699134695843923], [0.003084426291098357, 0.004801315432594501, 0.003736939661972135, 0.0019390127883730478, 0.0007545821447963998, 0.000312586533719912], [0.0007230022074799972, 0.0011254480830331201, 0.0008759540251043892, 0.00045451257187489516, 0.00017687715799443327, 7.327156903060201e-05]]","[{""score"": ""1-1"", ""prob"": 0.12398625582665244}, {""score"": ""0-1"", ""prob"": 0.1193563330872878}, {""score"": ""0-2"", ""prob"": 0.09543393298884491}]",2026-06-20T09:13:17,A,1.0,3.0,
2026-06-21_spain_vs_saudi_arabia,2026-06-21,Spain,Saudi Arabia,0.8952,0.1048,0.0,0.8714,0.0921,0.0365,0.8806,0.0846,0.0348,758519.0,True,3.2591,0.3252,"[[0.02856458670240242, 0.008236984905200457, 0.001468726376679762, 0.00015922767410308464, 1.2946651910204378e-05, 8.90003746436506e-07], [0.08971113790404575, 0.03023056527494036, 0.004786794026113775, 0.0005189462729685985, 4.2195031699531636e-05, 2.900652350434396e-06], [0.14748598844551777, 0.04796778612241382, 0.0078004308400306316, 0.0008456608932617139, 6.875988913864194e-05, 4.726825078977821e-06], [0.16022613416086764, 0.052111343020824145, 0.008474248241886473, 0.0009187108359680144, 7.469951103920782e-05, 5.135138037461963e-06], [0.13055010007418383, 0.04245962172149978, 0.006904703541814296, 0.0007485532382279372, 6.0864157353194993e-05, 4.184041437412017e-06], [0.16581874748873748, 0.053930263467465225, 0.008770037651706902, 0.0009507779796496726, 7.730686022859659e-05, 5.314377470399461e-06]]","[{""score"": ""3-0"", ""prob"": 0.16022613416086764}, {""score"": ""2-0"", ""prob"": 0.14748598844551777}, {""score"": ""4-0"", ""prob"": 0.13055010007418383}]",2026-06-20T09:13:17,H,4.0,0.0,
2026-06-21_uruguay_vs_cape_verde,2026-06-21,Uruguay,Cape Verde,0.7392,0.2112,0.0496,0.6589,0.2242,0.1168,0.6716,0.2239,0.1045,172240.0,True,2.2367,0.6006,"[[0.06071453428642017, 0.03306141107606292, 0.010565661468622999, 0.002115087733520905, 0.00031755674742484677, 4.231367432279096e-05], [0.12892049770458727, 0.08082489822917872, 0.023631847585991496, 0.004730743181390276, 0.0007102681339292631, 9.464152389976196e-05], [0.14655234191900846, 0.08801277467544702, 0.026428265849043692, 0.005290544381110751, 0.000794316017792613, 0.00010584070267380203], [0.10926284227085199, 0.06561837082411101, 0.01970372772720371, 0.003944392212849854, 0.0005922063382190729, 7.891007302001916e-05], [0.061096099922968675, 0.036691582035860926, 0.011017660652576209, 0.002205571224060517, 0.00033114183067979727, 4.4123854056521906e-05], [0.0419606906553582, 0.025199712017684034, 0.007566909360357719, 0.0015147823178214117, 0.00022742760892631485, 3.030418296621648e-05]]","[{""score"": ""2-0"", ""prob"": 0.14655234191900846}, {""score"": ""1-0"", ""prob"": 0.12892049770458727}, {""score"": ""3-0"", ""prob"": 0.10926284227085199}]",2026-06-20T09:13:17,D,2.0,2.0,
2026-06-22_france_vs_iraq,2026-06-22,France,Iraq,0.8348,0.1572,0.008,0.8818,0.0846,0.0336,0.8983,0.0744,0.0273,671025.0,True,2.671,0.4503,"[[0.045537646647191385, 0.01842697789420636, 0.004470950804552274, 0.0006710384861186614, 7.553639083781829e-05, 7.347540976020769e-06], [0.11637416598280836, 0.054476345614523414, 0.01194197945756544, 0.0017923542813992896, 0.00020175888018391942, 1.9625396752279216e-05], [0.1573313116401406, 0.07084088136771775, 0.015948606862293154, 0.002393703145576574, 0.0002694505607268757, 2.6209870686081013e-05], [0.1400781305641866, 0.06307236700731512, 0.014199659375389074, 0.002131206167815559, 0.00023990221928883203, 2.3335658043917275e-05], [0.09353771886443309, 0.04211681944556828, 0.009481878015335485, 0.0014231212435829317, 0.0001601956440481616, 1.5582476813739988e-05], [0.08459983043932809, 0.03809239552765811, 0.008575848140004099, 0.0012871365408880123, 0.0001448883347608198, 1.4093511283696989e-05]]","[{""score"": ""2-0"", ""prob"": 0.1573313116401406}, {""score"": ""3-0"", ""prob"": 0.1400781305641866}, {""score"": ""1-0"", ""prob"": 0.11637416598280836}]",2026-06-21T08:16:49,H,3.0,0.0,
2026-06-22_norway_vs_senegal,2026-06-22,Norway,Senegal,0.4323,0.3109,0.2567,0.4206,0.2741,0.3053,0.4229,0.2736,0.3035,689878.0,True,1.4141,1.0985,"[[0.0844609769545967, 0.08564290501893096, 0.04890486250669088, 0.017906678830573734, 0.004917442718974746, 0.0013139800693801164], [0.11122828078385875, 0.12931392192868416, 0.06915587824470809, 0.02532165591519299, 0.00695370669741107, 0.0018580861091592315], [0.08104713108540991, 0.0890270336382576, 0.04889631879797814, 0.017903550523078335, 0.004916583638792347, 0.001313750516276566], [0.03820264654091521, 0.04196408007439986, 0.023047932223813634, 0.008439077402256205, 0.002317497293564821, 0.0006192538334684308], [0.01350549535052724, 0.01483524676037753, 0.008147962763642734, 0.0029834037936833538, 0.0008192874514486276, 0.00021892016721267984], [0.004939569642782546, 0.005425919793300154, 0.002980077995898241, 0.0010911655166254432, 0.00029965042516788044, 8.006899296103321e-05]]","[{""score"": ""1-1"", ""prob"": 0.12931392192868416}, {""score"": ""1-0"", ""prob"": 0.11122828078385875}, {""score"": ""2-1"", ""prob"": 0.0890270336382576}]",2026-06-21T08:16:49,H,3.0,2.0,
2026-06-22_argentina_vs_austria,2026-06-22,Argentina,Austria,0.7609,0.1999,0.0392,0.612,0.2381,0.1499,0.6382,0.2261,0.1357,1116438.0,True,2.3203,0.567,"[[0.05771034053546337, 0.029618811568882148, 0.008957855768863623, 0.001692981665019793, 0.00023997262782928156, 3.0007526014755573e-05], [0.1273310425375698, 0.07529636352294346, 0.020784663936050288, 0.0039281783347796815, 0.0005568018231125443, 6.962562915300232e-05], [0.1500178926107493, 0.08505747854225364, 0.02411303921838834, 0.004557221542518026, 0.0006459659024987001, 8.077520673593081e-05], [0.11602744982591814, 0.06578550166337489, 0.01864960505292073, 0.003524664856092078, 0.0004996055806215974, 6.247348955267109e-05], [0.06730381729216478, 0.03816006807930503, 0.010818040152877914, 0.002044545492006019, 0.00028980523804282283, 3.623887565197262e-05], [0.04884410214768959, 0.027693737713824305, 0.007850928513775252, 0.0014837789723520778, 0.0002103190757880985, 2.629947921644013e-05]]","[{""score"": ""2-0"", ""prob"": 0.1500178926107493}, {""score"": ""1-0"", ""prob"": 0.1273310425375698}, {""score"": ""3-0"", ""prob"": 0.11602744982591814}]",2026-06-21T08:16:49,H,2.0,0.0,
2026-06-22_jordan_vs_algeria,2026-06-22,Jordan,Algeria,0.2446,0.3037,0.4516,0.1597,0.232,0.6083,0.1542,0.2338,0.6119,157396.0,True,1.017,1.5141,"[[0.08287765865469501, 0.11716766231667683, 0.09120616207151819, 0.04603168995343855, 0.017424122711478415, 0.00696092200154436], [0.0776160908558783, 0.12583560684212702, 0.09275922287942602, 0.04681551872075793, 0.017720821108612533, 0.007079452755409705], [0.041151155650086334, 0.06230688349626333, 0.047169364622798714, 0.023806347271961473, 0.009011285846735254, 0.003600000926957569], [0.013950626185758297, 0.021122615555369924, 0.015990855247609948, 0.008070574116155704, 0.003054910082471869, 0.001220433944247275], [0.003547044449303759, 0.005370572995278037, 0.004065786982634405, 0.0020520000134924884, 0.0007767322919322377, 0.00031030388099019144], [0.0008640928165243827, 0.001308321226916256, 0.0009904632928697402, 0.0004998861718563569, 0.0001892191663831302, 7.559289384036117e-05]]","[{""score"": ""1-1"", ""prob"": 0.12583560684212702}, {""score"": ""0-1"", ""prob"": 0.11716766231667683}, {""score"": ""1-2"", ""prob"": 0.09275922287942602}]",2026-06-21T08:16:49,A,1.0,2.0,
2026-06-23_portugal_vs_uzbekistan,2026-06-23,Portugal,Uzbekistan,0.6579,0.2486,0.0934,0.8007,0.1372,0.0621,0.8191,0.1256,0.0553,311285.0,True,1.9696,0.7254,"[[0.07014624388010554, 0.04638794775267019, 0.017769688517104275, 0.004296655153159197, 0.0007791883417399049, 0.00012826569235623985], [0.13042553659669281, 0.09910494144475733, 0.03499990039688459, 0.00846286654127795, 0.0015347210124173, 0.000252637318458602], [0.13101165257175046, 0.0950346245413049, 0.03446861284632875, 0.008334402871827146, 0.001511424427049122, 0.0002488023629135625], [0.08601529108456844, 0.06239468575939203, 0.022630260049841994, 0.005471926160489138, 0.000992320984377766, 0.0001633504138635153], [0.04235480292284159, 0.03072377696395188, 0.01114336988712083, 0.0026944320156749193, 0.0004886289309676097, 8.043540281403573e-05], [0.024181889743692418, 0.01754131611485813, 0.006362153129939757, 0.0015383487450909019, 0.00027897593941736366, 4.5923482299796835e-05]]","[{""score"": ""2-0"", ""prob"": 0.13101165257175046}, {""score"": ""1-0"", ""prob"": 0.13042553659669281}, {""score"": ""1-1"", ""prob"": 0.09910494144475733}]",2026-06-22T08:04:19,H,5.0,0.0,
2026-06-23_colombia_vs_dr_congo,2026-06-23,Colombia,DR Congo,0.7515,0.2049,0.0437,0.6313,0.2323,0.1364,0.6482,0.2261,0.1256,115089.0,True,2.2832,0.5816,"[[0.05904127837520003, 0.03110474950284485, 0.0096390049332154, 0.0018685854466617337, 0.000271678321232425, 3.493716562935371e-05], [0.12809393303148287, 0.07772748007331996, 0.02200777630449253, 0.004266354338532708, 0.000620295949829831, 7.976853743836955e-05], [0.1485648590066132, 0.08640086876659747, 0.02512407770430589, 0.00487047016619837, 0.0007081298640794347, 9.106376333674942e-05], [0.11306776326600694, 0.0657568219093057, 0.01912109828085772, 0.0037067525350752916, 0.0005389340411231374, 6.93055955756868e-05], [0.06453907997891031, 0.03753399435681184, 0.010914323018220453, 0.0021158143701881806, 0.00030762355404142464, 3.9559634387762006e-05], [0.04571308820311444, 0.026585361849112452, 0.007730624777611182, 0.0014986332150603177, 0.00021789003908711472, 2.802012449885651e-05]]","[{""score"": ""2-0"", ""prob"": 0.1485648590066132}, {""score"": ""1-0"", ""prob"": 0.12809393303148287}, {""score"": ""3-0"", ""prob"": 0.11306776326600694}]",2026-06-22T08:04:19,H,1.0,0.0,
2026-06-23_england_vs_ghana,2026-06-23,England,Ghana,0.8727,0.1273,0.0,0.7867,0.1462,0.0672,0.791,0.1443,0.0647,703125.0,True,2.9696,0.3771,"[[0.03627577225049845, 0.012213690941191476, 0.0025036646032186604, 0.00031471533499571647, 2.9670230775160993e-05, 2.3863572099597335e-06], [0.1034968188067803, 0.040495339367333, 0.007434771305601369, 0.0009345646933102895, 8.810740069342746e-05, 7.086420476095233e-06], [0.1552505180064994, 0.05854584362441466, 0.011038983475568573, 0.0013876209209729854, 0.00013081991366664826, 1.0521759892951892e-05], [0.1536750163434547, 0.05795171308508366, 0.01092695849138557, 0.0013735391704143367, 0.0001294923368302699, 1.0414983758338233e-05], [0.11408662730116824, 0.04302270889254908, 0.008112052763058887, 0.001019700242415432, 9.613367430718071e-05, 7.731968400964239e-06], [0.12305887512870561, 0.046406194017207456, 0.008750018399365135, 0.0010998937190846954, 0.00010369402709225207, 8.340042619031937e-06]]","[{""score"": ""2-0"", ""prob"": 0.1552505180064994}, {""score"": ""3-0"", ""prob"": 0.1536750163434547}, {""score"": ""4-0"", ""prob"": 0.11408662730116824}]",2026-06-22T08:04:19,D,0.0,0.0,
2026-06-23_panama_vs_croatia,2026-06-23,Panama,Croatia,0.2345,0.3012,0.4643,0.1421,0.2382,0.6197,0.1357,0.2362,0.6281,164895.0,True,0.9951,1.5426,"[[0.08231968994352977, 0.11865734680316517, 0.09404821468436236, 0.04836003166610276, 0.018650215774393557, 0.007634703624146582], [0.07538341799373334, 0.12461767928694563, 0.0935915189050605, 0.048125196561332975, 0.0185596507928485, 0.00759762969421532], [0.039138834088731096, 0.060376114387424656, 0.04656852041452277, 0.023945750904980537, 0.009234762796294853, 0.0037803678971804777], [0.012982925629622357, 0.020027643161787397, 0.015447461614534289, 0.007943156979076575, 0.003063306339675039, 0.0012540035083936558], [0.0032299702168345147, 0.0049825973568212115, 0.003843112281780164, 0.0019761463018412766, 0.0007621077501680591, 0.0003119785246767461], [0.0007667522730169618, 0.001182802810056594, 0.0009123041018013561, 0.00046911103416793305, 0.00018091431514742694, 7.405958162760024e-05]]","[{""score"": ""1-1"", ""prob"": 0.12461767928694563}, {""score"": ""0-1"", ""prob"": 0.11865734680316517}, {""score"": ""0-2"", ""prob"": 0.09404821468436236}]",2026-06-22T08:04:19,A,0.0,1.0,
2026-06-24_mexico_vs_czech_republic,2026-06-24,Mexico,Czech Republic,0.7071,0.2269,0.066,0.4975,0.2483,0.2542,0.5127,0.2386,0.2487,872511.0,False,2.124,0.6498,"[[0.06475274765584776, 0.03823784824150025, 0.013179075784140659, 0.002854543884592252, 0.00046371351769230004, 6.744851376115468e-05], [0.13026697708327434, 0.08848401869673388, 0.027992225174756916, 0.006063022665435098, 0.0009849228744432685, 0.00014325996874355496], [0.1408133542835087, 0.09149910947988112, 0.02972760317446597, 0.006438899755578748, 0.0010459831680443789, 0.00015214137050581164], [0.09969538545487656, 0.06478106451472423, 0.021047043955511328, 0.004558719563950568, 0.0007405525963648602, 0.00010771558318021295], [0.052938000438075825, 0.03439858330465729, 0.011175927722766628, 0.002420668691658842, 0.0003932315772882498, 5.719670537973513e-05], [0.03368895303342086, 0.021890744791586536, 0.007112193529062506, 0.001540477411083175, 0.00025024670423693415, 3.639912926930991e-05]]","[{""score"": ""2-0"", ""prob"": 0.1408133542835087}, {""score"": ""1-0"", ""prob"": 0.13026697708327434}, {""score"": ""3-0"", ""prob"": 0.09969538545487656}]",2026-06-23T08:32:25,H,3.0,0.0,
2026-06-24_south_africa_vs_south_korea,2026-06-24,South Africa,South Korea,0.1302,0.2559,0.6139,0.1725,0.2479,0.5796,0.1658,0.2462,0.5879,337631.0,True,0.753,1.9179,"[[0.07188549620818671, 0.12999719133400398, 0.1272483395751625, 0.08135007663137019, 0.03900543018885999, 0.02144854814219249], [0.049402694863964904, 0.10262203979643579, 0.09582245657319095, 0.06125945698985575, 0.02937245509740393, 0.016151507986469624], [0.01961680535945702, 0.03762316957334956, 0.03607883299057711, 0.023065258362921212, 0.011059243729292467, 0.006081325610189423], [0.004924047171426283, 0.009443854813415505, 0.009056208301010017, 0.00578964913598461, 0.002775999292722948, 0.0015264837276340436], [0.0009269949962090421, 0.0017778883613791781, 0.0017049105110890708, 0.0010899521454643493, 0.0005226061741989017, 0.0002873739280002487], [0.00015921241431914704, 0.00030535428946507407, 0.0002928202630851851, 0.00018720048466429952, 8.975818755502387e-05, 4.935678949336925e-05]]","[{""score"": ""0-1"", ""prob"": 0.12999719133400398}, {""score"": ""0-2"", ""prob"": 0.1272483395751625}, {""score"": ""1-1"", ""prob"": 0.10262203979643579}]",2026-06-23T08:32:25,H,1.0,0.0,
2026-06-24_canada_vs_switzerland,2026-06-24,Canada,Switzerland,0.4072,0.3136,0.2792,0.2887,0.3129,0.3983,0.2836,0.3134,0.403,466819.0,False,1.36,1.1458,"[[0.08504560358608759, 0.09007647356726871, 0.053571492048020884, 0.02046055995790062, 0.0058608762485407384, 0.0016483928904371373], [0.10755775035868302, 0.13060652334911002, 0.07285669347038792, 0.027826156937145262, 0.007970733089252918, 0.002241797847065603], [0.07547360892721597, 0.08647690637271477, 0.049542187276396435, 0.01892164758647409, 0.005420058647026538, 0.0015244113270153742], [0.034214451134974816, 0.03920257596594279, 0.0224589597580088, 0.008577750500376301, 0.0024570751864565407, 0.0006910613868758796], [0.0116328278497636, 0.013328777821980636, 0.007635990170323597, 0.002916413725751692, 0.0008353994207072578, 0.0002349591438843319], [0.004048390816893626, 0.004638605714088548, 0.002657434020572759, 0.001014953775477354, 0.0002907309716010494, 8.17691495766309e-05]]","[{""score"": ""1-1"", ""prob"": 0.13060652334911002}, {""score"": ""1-0"", ""prob"": 0.10755775035868302}, {""score"": ""0-1"", ""prob"": 0.09007647356726871}]",2026-06-23T08:32:25,A,1.0,2.0,
2026-06-24_bosnia_and_herzegovina_vs_qatar,2026-06-24,Bosnia and Herzegovina,Qatar,0.4651,0.306,0.2288,0.6748,0.1915,0.1337,0.6816,0.194,0.1244,300329.0,True,1.4859,1.0392,"[[0.08338507422067205, 0.07985060252488267, 0.04322584467327557, 0.01497389403071454, 0.0038903375539187197, 0.00097248300842398], [0.11560547437765138, 0.12694674825081384, 0.06422937013235565, 0.02224973946237415, 0.005780660449301373, 0.0014450144714952843], [0.08836876685768201, 0.09183565252826173, 0.0477192755720709, 0.016530466461432084, 0.004294747533727161, 0.0010735749646745743], [0.04376910987352753, 0.0454862606863135, 0.02363538940135773, 0.008187551196412174, 0.0021271913524096484, 0.0005317424046664178], [0.016259152248380516, 0.016897031715867785, 0.00877996824328525, 0.0030414747256350067, 0.0007901994845269967, 0.00019752927896804997], [0.006338658234957374, 0.0065873366332976765, 0.003422885594389313, 0.0011857241092001777, 0.0003080606167738554, 7.70071263033246e-05]]","[{""score"": ""1-1"", ""prob"": 0.12694674825081384}, {""score"": ""1-0"", ""prob"": 0.11560547437765138}, {""score"": ""2-1"", ""prob"": 0.09183565252826173}]",2026-06-23T08:32:25,H,3.0,1.0,
2026-06-24_scotland_vs_brazil,2026-06-24,Scotland,Brazil,0.1186,0.2479,0.6335,0.1201,0.1857,0.6942,0.1045,0.1841,0.7114,343522.0,True,0.7228,1.9746,"[[0.06997694989733555, 0.13045341781384917, 0.1313608440636866, 0.08646211149731403, 0.04268222074389371, 0.024456088271430552], [0.04610595580241869, 0.09876495864569063, 0.0949475162845785, 0.06249474718212217, 0.030850676074965295, 0.017676841649121592], [0.017601065680843287, 0.034755226663224066, 0.03431399559308411, 0.022585577414904415, 0.011149422378855477, 0.006388403722216404], [0.004240678877762542, 0.008373683632292565, 0.008267376473778202, 0.005441612617223471, 0.0026862646182114654, 0.0015391777531350442], [0.0007662898515801587, 0.0015131230099540626, 0.0014939133270075293, 0.0009832983456198366, 0.00048540749604704197, 0.00027812912177581275], [0.00012563253752413618, 0.00024807516755531804, 0.00024492575717407583, 0.00016121088651868006, 7.958212592255346e-05, 4.559902138335925e-05]]","[{""score"": ""0-2"", ""prob"": 0.1313608440636866}, {""score"": ""0-1"", ""prob"": 0.13045341781384917}, {""score"": ""1-1"", ""prob"": 0.09876495864569063}]",2026-06-23T08:32:25,A,0.0,3.0,
2026-06-24_morocco_vs_haiti,2026-06-24,Morocco,Haiti,0.7399,0.2108,0.0493,0.8084,0.1334,0.0582,0.8291,0.1256,0.0452,261659.0,True,2.2393,0.5994,"[[0.060618515086878065, 0.032946343877085414, 0.010510234600381948, 0.0021001033149429136, 0.00031472422603730026, 4.185041276768028e-05], [0.12887715424066887, 0.08064593025949156, 0.023535938563649085, 0.004702835329290935, 0.0007047730455261885, 9.371710349145618e-05], [0.1466734891067809, 0.08792272267914936, 0.026352428139507646, 0.005265612405127832, 0.0007891115532386612, 0.00010493200551669413], [0.10948370357682273, 0.06562948332444182, 0.01967064019902689, 0.0039304904466665735, 0.0005890284325405987, 7.832597872780914e-05], [0.06129267849575941, 0.036741603451743175, 0.011012289373995482, 0.0022004214271866105, 0.0003297580293786747, 4.384953079944593e-05], [0.04217064706203208, 0.025278993016495416, 0.007576685828273262, 0.001513936047027859, 0.0002268804335865564, 3.0169395963125934e-05]]","[{""score"": ""2-0"", ""prob"": 0.1466734891067809}, {""score"": ""1-0"", ""prob"": 0.12887715424066887}, {""score"": ""3-0"", ""prob"": 0.10948370357682273}]",2026-06-23T08:32:25,H,4.0,2.0,
2026-06-25_usa_vs_turkey,2026-06-25,USA,Turkey,0.3102,0.314,0.3757,0.5014,0.2363,0.2624,0.5075,0.2261,0.2663,2572682.0,False,1.156,1.3487,"[[0.08514082390189837, 0.10675427411508821, 0.07431068055072486, 0.03340837035293055, 0.01126472535341034, 0.00387923032464323], [0.09100383757264958, 0.13081747368567423, 0.08589949806222287, 0.038618435777003385, 0.013021469410527498, 0.004484199785078633], [0.05458576467577435, 0.07362150751834537, 0.049647801047287374, 0.022320507796509622, 0.007526089642210862, 0.002591757388670725], [0.02103282126804985, 0.028367615958396028, 0.019130140101210925, 0.00860047035861077, 0.0028999300317981078, 0.0009986480953385246], [0.0060782271685853395, 0.00819789279949056, 0.005528375666780213, 0.0024854303628648595, 0.0008380441825485126, 0.00028859704114746323], [0.001728047756443626, 0.0023306714057911935, 0.0015717242713685113, 0.0007066110303582323, 0.00023825703273124658, 8.204850783607903e-05]]","[{""score"": ""1-1"", ""prob"": 0.13081747368567423}, {""score"": ""0-1"", ""prob"": 0.10675427411508821}, {""score"": ""1-0"", ""prob"": 0.09100383757264958}]",2026-06-24T08:25:01,D,2.0,2.0,
2026-06-25_paraguay_vs_australia,2026-06-25,Paraguay,Australia,0.2564,0.3063,0.4373,0.3246,0.4317,0.2437,0.3333,0.4328,0.2338,461544.0,True,1.0423,1.4821,"[[0.08345083443057265, 0.11538518407127965, 0.0879792568312945, 0.04346322212824855, 0.016103668175373245, 0.0062569484300577], [0.08015779249848083, 0.12709099782978672, 0.09170166798575226, 0.04530215540281697, 0.016785015986240107, 0.006521680543828285], [0.04351594421320014, 0.06449280947276768, 0.04779078736419813, 0.023609447064062854, 0.008747595845559765, 0.0033988067499028576], [0.015119036054818354, 0.022407168896947147, 0.0166042734522187, 0.008202788376762686, 0.0030392358335149944, 0.0011808702011239743], [0.0039396809955503315, 0.005838804613423467, 0.004326700480602355, 0.0021374622933155885, 0.0007919565513886493, 0.00030770823435513747], [0.0009883098082400497, 0.0014647246501331463, 0.001085397657101147, 0.00053620456874884, 0.00019867050868366878, 7.71917996489787e-05]]","[{""score"": ""1-1"", ""prob"": 0.12709099782978672}, {""score"": ""0-1"", ""prob"": 0.11538518407127965}, {""score"": ""1-2"", ""prob"": 0.09170166798575226}]",2026-06-24T08:25:01,D,0.0,0.0,
2026-06-25_cura_ao_vs_ivory_coast,2026-06-25,Curaçao,Ivory Coast,0.1173,0.2471,0.6356,0.0522,0.1167,0.8311,0.0547,0.1144,0.8308,479788.0,True,0.7196,1.9808,"[[0.06976447824766903, 0.13048510438853086, 0.13179497573162294, 0.0870211516526561, 0.043093529132561495, 0.02480231675671711], [0.045754750721029476, 0.09833886148145912, 0.0948357238667015, 0.06261781879681691, 0.03100881506727019, 0.017847005548862607], [0.017392043736727217, 0.03445068373422575, 0.03412047565316739, 0.022528955066703715, 0.01115650807941856, 0.0064210857837478106], [0.00417159821694706, 0.008263227313235066, 0.008184024692599075, 0.0054037208167478324, 0.0026759632114526735, 0.0015401404465066632], [0.0007504393365321044, 0.001486492826026822, 0.0014722448666139966, 0.00097208898211983, 0.0004813857789153304, 0.00027705975377671115], [0.00012241229442359943, 0.0002424779574043279, 0.00024015381830650535, 0.00015856797064381898, 7.852405228679827e-05, 4.51942195740612e-05]]","[{""score"": ""0-2"", ""prob"": 0.13179497573162294}, {""score"": ""0-1"", ""prob"": 0.13048510438853086}, {""score"": ""1-1"", ""prob"": 0.09833886148145912}]",2026-06-24T08:25:01,A,0.0,2.0,
2026-06-25_ecuador_vs_germany,2026-06-25,Ecuador,Germany,0.3296,0.3153,0.3551,0.2507,0.2383,0.5109,0.2462,0.2261,0.5276,1580219.0,True,1.1966,1.3049,"[[0.08541912465102168, 0.10350057909323981, 0.0697845026837304, 0.030354388442750804, 0.009902509106239752, 0.0032711393503151494], [0.09461899420076539, 0.13143469094358662, 0.08350131661744337, 0.03632083489330252, 0.011848942335158593, 0.003914113192557354], [0.05867595274795089, 0.07656740078947498, 0.0499571510056207, 0.02173002183579805, 0.007088982850490215, 0.0023417348580205754], [0.023403091516569004, 0.03053915282056462, 0.019925569541475025, 0.008667088745277924, 0.0028274634946631435, 0.0009340084416730519], [0.007000798455957299, 0.009135479120828417, 0.005960532880079884, 0.0025926720605535633, 0.0008458071470471831, 0.0002793991918412325], [0.002076415200040676, 0.002709554892270999, 0.0017678756431001572, 0.0007689785256813334, 0.00025086378753516885, 8.28689373744992e-05]]","[{""score"": ""1-1"", ""prob"": 0.13143469094358662}, {""score"": ""0-1"", ""prob"": 0.10350057909323981}, {""score"": ""1-0"", ""prob"": 0.09461899420076539}]",2026-06-24T08:25:01,H,2.0,1.0,
2026-06-25_japan_vs_sweden,2026-06-25,Japan,Sweden,0.6886,0.2354,0.076,0.5011,0.2753,0.2236,0.5176,0.2663,0.2161,1401566.0,True,2.0636,0.6782,"[[0.06689184610794618, 0.04127891305618176, 0.01482370867564561, 0.0033511712376529806, 0.0005681952932529299, 8.670353796465856e-05], [0.13057463222685226, 0.09264384481953213, 0.030589835000938113, 0.006915393270519032, 0.0011725136164792973, 0.00017891925552300877], [0.13723831936191908, 0.09307571781380827, 0.03156220976340338, 0.0071352164205480744, 0.0012097849077195538, 0.00018460665359443717], [0.09440052276941008, 0.0640229089048408, 0.021710329267190125, 0.004908018134470968, 0.0008321606403973338, 0.00012698322660210237], [0.048700640283474615, 0.033029018960969894, 0.011200223315075026, 0.0025320159111353454, 0.00042930647857798596, 6.550985375250352e-05], [0.0297212131794437, 0.02015707612739493, 0.0068353151594533895, 0.0015452483628666542, 0.0002619988011422969, 3.997960432140385e-05]]","[{""score"": ""2-0"", ""prob"": 0.13723831936191908}, {""score"": ""1-0"", ""prob"": 0.13057463222685226}, {""score"": ""3-0"", ""prob"": 0.09440052276941008}]",2026-06-24T08:25:01,D,1.0,1.0,
2026-06-25_tunisia_vs_netherlands,2026-06-25,Tunisia,Netherlands,0.0844,0.2197,0.6959,0.044,0.1094,0.8466,0.0363,0.0944,0.8693,532574.0,True,0.627,2.1749,"[[0.06293394137552068, 0.12977853468348866, 0.14355625777455377, 0.10407236399461615, 0.056586127532859166, 0.037282792793487646], [0.03582162182257827, 0.08500259180254166, 0.09000492501203886, 0.06524985718053039, 0.03547759076664527, 0.02337505185519015], [0.011930024312228896, 0.025946326240338605, 0.028215024033103036, 0.020454728319133142, 0.011121625577529218, 0.007327684010413905], [0.002493240769065457, 0.005422490071841178, 0.005896622368772961, 0.004274807932549166, 0.002324294534735646, 0.0015314034606673556], [0.0003907944382492665, 0.0008499295326105604, 0.0009242457667000351, 0.0006700400480176011, 0.0003643135425578347, 0.0002400345616716369], [5.462075159505376e-05, 0.00011879337403571324, 0.00012918044243890252, 9.365049099845005e-05, 5.0919556583026383e-05, 3.354927011251726e-05]]","[{""score"": ""0-2"", ""prob"": 0.14355625777455377}, {""score"": ""0-1"", ""prob"": 0.12977853468348866}, {""score"": ""0-3"", ""prob"": 0.10407236399461615}]",2026-06-24T08:25:01,A,1.0,3.0,
2026-06-26_egypt_vs_iran,2026-06-26,Egypt,Iran,0.2229,0.298,0.4791,0.3871,0.3591,0.2538,0.393,0.3632,0.2438,315543.0,True,0.9698,1.5765,"[[0.08160094242618894, 0.1203108554477487, 0.09738693081781916, 0.05117778085578168, 0.02017081679744633, 0.008496666529255426], [0.07276710261019292, 0.12305487895822342, 0.09444966550948236, 0.049634219322391156, 0.019562449330452335, 0.008240400481816524], [0.036854974707744154, 0.05810294471339448, 0.045800495199612816, 0.02406860640055394, 0.009486215348873834, 0.003995931808487283], [0.011914466702651063, 0.018783504957018783, 0.014806372256336237, 0.007780892859447757, 0.003066701247378301, 0.001291803802765385], [0.0028887792882968544, 0.004554244972574691, 0.003589950148536661, 0.0018865537751537125, 0.0007435517902659765, 0.0003132104997315086], [0.0006651516732295902, 0.001048631051904099, 0.0008265987497846519, 0.00043438569546132207, 0.000171205435954181, 7.211782804366348e-05]]","[{""score"": ""1-1"", ""prob"": 0.12305487895822342}, {""score"": ""0-1"", ""prob"": 0.1203108554477487}, {""score"": ""0-2"", ""prob"": 0.09738693081781916}]",2026-06-25T07:56:49,D,1.0,1.0,
2026-06-26_new_zealand_vs_belgium,2026-06-26,New Zealand,Belgium,0.1106,0.2421,0.6473,0.0572,0.1197,0.823,0.0547,0.1244,0.8209,282127.0,True,0.7015,2.0163,"[[0.06854314494942097, 0.13059818642106735, 0.13420401859141995, 0.09019826255255754, 0.0454665589724389, 0.02683863481364652], [0.04379199499283165, 0.09590250750906348, 0.0941420019734878, 0.06327265830302733, 0.03189407388419809, 0.018826878942308847], [0.01624402039630309, 0.03275272451584814, 0.03301956464716027, 0.02219238583669447, 0.011186594850374716, 0.006603379292007168], [0.003798308019528288, 0.007658506524546075, 0.007720901238783538, 0.005189202859851531, 0.0026157399396680324, 0.0015440554683448988], [0.0006661132893475213, 0.0013430803785071616, 0.0013540226054474024, 0.0009100359866276834, 0.000458725076094894, 0.0002707826383922333], [0.0001055785669081937, 0.0002128774547407671, 0.00021461179131325382, 0.0001442401718139396, 7.270765636036358e-05, 4.2918889867931144e-05]]","[{""score"": ""0-2"", ""prob"": 0.13420401859141995}, {""score"": ""0-1"", ""prob"": 0.13059818642106735}, {""score"": ""1-1"", ""prob"": 0.09590250750906348}]",2026-06-25T07:56:49,A,1.0,5.0,
2026-06-26_cape_verde_vs_saudi_arabia,2026-06-26,Cape Verde,Saudi Arabia,0.2892,0.3118,0.399,0.3898,0.2812,0.329,0.3869,0.2764,0.3367,702851.0,True,1.1119,1.3985,"[[0.08465040654329324, 0.11020312198540068, 0.07944448839684153, 0.03703438889192937, 0.01294815400296407, 0.004669084776379947], [0.08691575513188982, 0.12973226234619384, 0.08833040407683351, 0.04117670843598473, 0.014396413120791852, 0.005191324826796029], [0.050214753151881765, 0.07022536366712737, 0.04910510748966495, 0.022891174504996198, 0.00800333046305531, 0.0028859888766255906], [0.018610434892046817, 0.02602670482804928, 0.018199181484358715, 0.008483855560121363, 0.0029661693258098624, 0.001069596178739737], [0.005173005916561015, 0.007234452007439276, 0.005058692826968165, 0.0023581950267326647, 0.0008244843046893809, 0.00029730779495734704], [0.0014026960877550456, 0.0019616713554104857, 0.0013716993082930804, 0.0006394407799866469, 0.00022356458261545327, 8.061705081578385e-05]]","[{""score"": ""1-1"", ""prob"": 0.12973226234619384}, {""score"": ""0-1"", ""prob"": 0.11020312198540068}, {""score"": ""1-2"", ""prob"": 0.08833040407683351}]",2026-06-25T07:56:49,D,0.0,0.0,
2026-06-26_uruguay_vs_spain,2026-06-26,Uruguay,Spain,0.0787,0.2142,0.7071,0.1343,0.2261,0.6396,0.1244,0.2239,0.6517,360830.0,True,0.6097,2.2149,"[[0.06149607219816825, 0.12925436259962256, 0.14554034952407738, 0.107453779024842, 0.05950058522160593, 0.040275489868000426], [0.03401108932814801, 0.08228708546267352, 0.08873414640449584, 0.06551323664458623, 0.03627676900235638, 0.024555466756445488], [0.011027550833896917, 0.02442522670240131, 0.027050054379702836, 0.019971304009034907, 0.011058748114400522, 0.007485581796808514], [0.0022411203339322027, 0.004963919282547654, 0.005497360911543502, 0.004058752136712956, 0.002247460532291126, 0.0015212888000999568], [0.00034159581942658066, 0.0007566100084925499, 0.0008379181951231921, 0.0006186427123068481, 0.0003425622045068246, 0.00023187772935995542], [4.62847007330436e-05, 0.00010251726111135854, 0.00011353415555597742, 8.382331156120929e-05, 4.6415641575080404e-05, 3.141839185297738e-05]]","[{""score"": ""0-2"", ""prob"": 0.14554034952407738}, {""score"": ""0-1"", ""prob"": 0.12925436259962256}, {""score"": ""0-3"", ""prob"": 0.107453779024842}]",2026-06-25T07:56:49,A,0.0,1.0,
2026-06-26_norway_vs_france,2026-06-26,Norway,France,0.1741,0.2798,0.5461,0.1995,0.218,0.5825,0.194,0.204,0.602,1288951.0,True,0.8597,1.7373,"[[0.07749939256205574, 0.12641685881287076, 0.11242197476559125, 0.06510379886235153, 0.028276308758677798, 0.013563849332408102], [0.061040591660253704, 0.11426951818794917, 0.09665099575251938, 0.055970792191100155, 0.024309601422944915, 0.011661061344526664], [0.02753015801931922, 0.047828314902196946, 0.04154621460542351, 0.024059499086396055, 0.010449679383294417, 0.005012601819304945], [0.007889374508674198, 0.013706259445276, 0.01190598492787152, 0.006894780576649123, 0.0029945863039554017, 0.001436471704506993], [0.0016956558175521535, 0.0029458734072908203, 0.002558942104274151, 0.001481888682390027, 0.0006436236081683103, 0.00030873950777951704], [0.0003390719081730872, 0.0005890717367917328, 0.0005116989976499194, 0.0002963259513144884, 0.00012870222996192688, 6.173711253640112e-05]]","[{""score"": ""0-1"", ""prob"": 0.12641685881287076}, {""score"": ""1-1"", ""prob"": 0.11426951818794917}, {""score"": ""0-2"", ""prob"": 0.11242197476559125}]",2026-06-25T07:56:49,A,1.0,4.0,
2026-06-26_senegal_vs_iraq,2026-06-26,Senegal,Iraq,0.61,0.2672,0.1228,0.7802,0.1441,0.0758,0.7833,0.1429,0.0739,172069.0,True,1.835,0.7999,"[[0.0745637952409458, 0.05453017400108313, 0.02294741617576601, 0.006118861402075695, 0.0012236823713954125, 0.00022518586813787618], [0.12876808508772522, 0.10812337943058736, 0.04210922521560072, 0.011228301734256178, 0.0022454953609926283, 0.0004132230994617354], [0.12075484140519177, 0.09659677575834984, 0.03863587156559233, 0.01030214214304087, 0.00206027705150706, 0.0003791386452017825], [0.07386296818281657, 0.05908603325029832, 0.023632676909317186, 0.00630158417228947, 0.0012602242405554624, 0.00023191041751648904], [0.03388521324666247, 0.02710617899392141, 0.010841675014733381, 0.002890900930779239, 0.0005781377079802962, 0.0001063907143863861], [0.017520471504868868, 0.014015347438182398, 0.00560572709925012, 0.0014947507342632797, 0.00029892818335905435, 5.5009701908041436e-05]]","[{""score"": ""1-0"", ""prob"": 0.12876808508772522}, {""score"": ""2-0"", ""prob"": 0.12075484140519177}, {""score"": ""1-1"", ""prob"": 0.10812337943058736}]",2026-06-25T07:56:49,H,5.0,0.0,
2026-06-27_algeria_vs_austria,2026-06-27,Algeria,Austria,0.3863,0.3151,0.2987,0.2407,0.4261,0.3332,0.2338,0.4328,0.3333,493394.0,True,1.3156,1.1865,"[[0.08536499754623406, 0.09373515890073375, 0.057655264699283656, 0.022802188739541002, 0.006763560284028717, 0.0019852827041770636], [0.10431418614469214, 0.13131456911844766, 0.0758527436545355, 0.029999143811826594, 0.008898313225900458, 0.0026118887984846397], [0.0708901633447298, 0.08410945086079039, 0.04989690663923153, 0.019733821163449624, 0.005853424449635529, 0.0017181339164684265], [0.031088305152254078, 0.03688551628571138, 0.02188188299426854, 0.008654106933933878, 0.0025669717333140075, 0.0007534736692291572], [0.010225142724031248, 0.012131882604209176, 0.007197091497627855, 0.0028463912109433984, 0.0008442934477496437, 0.0002478223167501633], [0.003412567574137126, 0.00404892824537908, 0.0024019773352581485, 0.0009499625200287487, 0.00028177684366942113, 8.270890931444398e-05]]","[{""score"": ""1-1"", ""prob"": 0.13131456911844766}, {""score"": ""1-0"", ""prob"": 0.10431418614469214}, {""score"": ""0-1"", ""prob"": 0.09373515890073375}]",2026-06-26T07:28:31,D,3.0,3.0,
2026-06-27_jordan_vs_argentina,2026-06-27,Jordan,Argentina,0.0383,0.1638,0.798,0.063,0.1277,0.8093,0.0514,0.1048,0.8437,636505.0,True,0.4674,2.6119,"[[0.04750888103506789, 0.11861434546146822, 0.15688676649421746, 0.13659296121053774, 0.0891931684353591, 0.0778204827765267], [0.019981881402440102, 0.057667503575861395, 0.07333207514943373, 0.06384633656621402, 0.04169070646732292, 0.03637488118759721], [0.005024294778827423, 0.013123158514328413, 0.017138453949589183, 0.014921540088157187, 0.009743543346619333, 0.008501180757329582], [0.0007828192917458086, 0.0020446773340102643, 0.0026702876668328523, 0.00232487741220749, 0.0015181103094980492, 0.0013245417700210988], [9.147642661888563e-05, 0.0002389309743335028, 0.00031203673233651957, 0.00027167378249124736, 0.00017739893202742545, 0.00015477946098999245], [9.26501285852236e-06, 2.419966139169404e-05, 3.1604036627642946e-05, 2.7515953356940135e-05, 1.796750755437689e-05, 1.567653820018565e-05]]","[{""score"": ""0-2"", ""prob"": 0.15688676649421746}, {""score"": ""0-3"", ""prob"": 0.13659296121053774}, {""score"": ""0-1"", ""prob"": 0.11861434546146822}]",2026-06-26T07:28:31,A,1.0,3.0,
2026-06-27_colombia_vs_portugal,2026-06-27,Colombia,Portugal,0.3384,0.3157,0.3459,0.2309,0.2585,0.5106,0.2284,0.2487,0.5228,586523.0,True,1.215,1.2856,"[[0.08549331702737102, 0.10200203277219053, 0.06779050942055052, 0.029050348350599824, 0.009336735479325422, 0.003027122843307561], [0.09621374570232075, 0.13159940414789972, 0.0823677467070854, 0.03529714933768336, 0.011344447321692491, 0.003678055965946221], [0.060553335376388184, 0.07784698041853824, 0.05003978990269905, 0.02144361121475151, 0.0068919423346431915, 0.0022344807906525565], [0.024524779024793417, 0.03152889895568866, 0.020266675356240015, 0.008684902710419962, 0.002791313835284639, 0.0009049897463991402], [0.0074496076369248085, 0.009577167900541656, 0.006156172879530897, 0.002638112151472831, 0.0008478850245039255, 0.00027489823738260856], [0.00225166177742649, 0.0028947219704241202, 0.001860718019478319, 0.0007973757257486677, 0.00025627528245446057, 8.308865163962475e-05]]","[{""score"": ""1-1"", ""prob"": 0.13159940414789972}, {""score"": ""0-1"", ""prob"": 0.10200203277219053}, {""score"": ""1-0"", ""prob"": 0.09621374570232075}]",2026-06-26T07:28:31,D,0.0,0.0,
2026-06-27_dr_congo_vs_uzbekistan,2026-06-27,DR Congo,Uzbekistan,0.2388,0.3023,0.4589,0.5551,0.2319,0.213,0.5578,0.2362,0.206,211084.0,True,1.0044,1.5305,"[[0.08256293654719656, 0.11803329400400228, 0.09284008517477774, 0.047362543527072566, 0.01812156778882889, 0.0073418440601690635], [0.07633185255649294, 0.125148129762928, 0.09324910377502588, 0.047571205132899023, 0.018201404620918543, 0.007374189471906645], [0.03998640117756006, 0.061197412605703425, 0.04682996217892236, 0.023890393011756328, 0.009140796592075789, 0.003703338692699407], [0.013387522088749316, 0.020489008485538144, 0.015678759143682292, 0.007998548374822915, 0.0030603558380205846, 0.0012398847380758102], [0.0033616256226878904, 0.00514481884338681, 0.003936958469233668, 0.002008446744876686, 0.000768459654552366, 0.0003113368013187488], [0.0008068376447361495, 0.001234829211848192, 0.000944925656593691, 0.0004820555954468776, 0.00018444117440359956, 7.472523109068066e-05]]","[{""score"": ""1-1"", ""prob"": 0.125148129762928}, {""score"": ""0-1"", ""prob"": 0.11803329400400228}, {""score"": ""1-2"", ""prob"": 0.09324910377502588}]",2026-06-26T07:28:31,H,3.0,1.0,
2026-06-27_panama_vs_england,2026-06-27,Panama,England,0.1196,0.2487,0.6317,0.0571,0.118,0.825,0.0452,0.1055,0.8492,387121.0,True,0.7256,1.9692,"[[0.0701603240656757, 0.1304231115999628, 0.13098247820114436, 0.0859780731674524, 0.04232758362287886, 0.024159151077703746], [0.0464114881492587, 0.09913323679543462, 0.09504178996184989, 0.062386283139008285, 0.030713186737087887, 0.017530046720124266], [0.01778379696722934, 0.03502033137200645, 0.0344814892923345, 0.022633958755509026, 0.011142850108709725, 0.006359961428722266], [0.0043013485958735605, 0.008470331361271446, 0.008340002184264674, 0.00547445221577092, 0.0026951096415151745, 0.001538277298804911], [0.0007802720551177914, 0.0015365327202562379, 0.0015128907827293792, 0.0009930750753709167, 0.0004888975380349842, 0.0002790461555315512], [0.00012848743911085935, 0.0002530209214092164, 0.0002491278023509074, 0.00016352972330909674, 8.050678252245758e-05, 4.5950544662998336e-05]]","[{""score"": ""0-2"", ""prob"": 0.13098247820114436}, {""score"": ""0-1"", ""prob"": 0.1304231115999628}, {""score"": ""1-1"", ""prob"": 0.09913323679543462}]",2026-06-26T07:28:31,A,0.0,2.0,
2026-06-27_croatia_vs_ghana,2026-06-27,Croatia,Ghana,0.7839,0.1873,0.0288,0.5354,0.2935,0.1711,0.5423,0.2935,0.1642,536912.0,True,2.4167,0.5312,"[[0.05426994517540321, 0.026042271301452695, 0.007399061942971608, 0.0013100192700566551, 0.00017395622254013718, 2.024839769807712e-05], [0.1249452504971874, 0.06914899549463689, 0.017881655019217797, 0.003165984125586676, 0.0004204080441391364, 4.8935238699126564e-05], [0.15317722928467428, 0.08136103886280707, 0.02160771113222345, 0.0038256900919607624, 0.0005080097768164455, 5.9132026697794e-05], [0.12339683020989867, 0.06554299451125575, 0.01740678476989717, 0.003081907362588692, 0.0004092435701280791, 4.7635700766164295e-05], [0.07455470589668464, 0.03960019614006827, 0.01051694534550912, 0.0018620469960839818, 0.00024725946330313945, 2.878085000046429e-05], [0.057580842130566176, 0.0305844227383925, 0.008122553262764363, 0.001438114909470451, 0.00019096592160763545, 2.2228316245479746e-05]]","[{""score"": ""2-0"", ""prob"": 0.15317722928467428}, {""score"": ""1-0"", ""prob"": 0.1249452504971874}, {""score"": ""3-0"", ""prob"": 0.12339683020989867}]",2026-06-26T07:28:31,H,2.0,1.0,
2026-06-28_south_africa_vs_canada,2026-06-28,South Africa,Canada,0.1091,0.241,0.6499,0.1646,0.2575,0.578,0.1527,0.2611,0.5862,3367899.0,True,0.6975,2.0243,"[[0.06826626166413664, 0.13060800481182389, 0.13473026636185065, 0.09091018584851435, 0.04600671093168484, 0.027311420939538956], [0.04335973638620939, 0.0953532547249482, 0.09397313474196697, 0.06340902734664756, 0.03208926221378071, 0.01904946757139788], [0.015995764303358764, 0.0323797602025479, 0.03277270316349792, 0.022113609776068917, 0.011190984190912951, 0.006643415140447563], [0.00371896668004586, 0.007528196028486443, 0.0076195540749803385, 0.005141347194986371, 0.0026018698784018835, 0.001544573868461466], [0.0006484863541838001, 0.0013127120558213594, 0.0013286424073391764, 0.0008965107205608803, 0.0004536951407923552, 0.00026933155440741753], [0.00010212559103469028, 0.00020672986207682437, 0.00020923862198156452, 0.0001411852178777938, 7.144928201504439e-05, 4.241514721272523e-05]]","[{""score"": ""0-2"", ""prob"": 0.13473026636185065}, {""score"": ""0-1"", ""prob"": 0.13060800481182389}, {""score"": ""1-1"", ""prob"": 0.0953532547249482}]",2026-06-28T13:46:05,A,0.0,1.0,
2026-06-29_germany_vs_paraguay,2026-06-29,Germany,Paraguay,0.5693,0.2807,0.1499,0.7019,0.1907,0.1074,0.7186,0.1859,0.0955,510299.0,True,1.73,0.8644,"[[0.07770701254915482, 0.06154647056845835, 0.02790335223143009, 0.008039764044977976, 0.0017373666798924932, 0.0003496020688862382], [0.1262007545350902, 0.11470873210741415, 0.048272991893504466, 0.013908847272183816, 0.0030056563440441055, 0.0006048139914274677], [0.11177268896466461, 0.0966148481188306, 0.0417563045297034, 0.01203120087596209, 0.0025999031071125382, 0.00052316618919303], [0.0644558410468079, 0.05571478462934301, 0.024079564984962724, 0.006938020176900155, 0.0014992834382120438, 0.00030169370571688257], [0.02787726243907023, 0.024096740460194346, 0.01041445339324598, 0.0030007056945941237, 0.0006484426732906402, 0.00013048304814419412], [0.013296219914565277, 0.011493078313669343, 0.004967233167504933, 0.0014312037597455896, 0.0003092784452887087, 6.223463681342297e-05]]","[{""score"": ""1-0"", ""prob"": 0.1262007545350902}, {""score"": ""1-1"", ""prob"": 0.11470873210741415}, {""score"": ""2-0"", ""prob"": 0.11177268896466461}]",2026-06-28T13:46:05,D,1.0,1.0,Paraguay won 4-3 on penalties
2026-06-29_netherlands_vs_morocco,2026-06-29,Netherlands,Morocco,0.3333,0.3155,0.3512,0.4446,0.3034,0.252,0.4527,0.3035,0.2438,578361.0,True,1.2042,1.2968,"[[0.0854538397850818, 0.10287914039795984, 0.06895105995910307, 0.02980628428888383, 0.009663534363757881, 0.00316744466076846], [0.09528545619803667, 0.131511752567609, 0.08303329520383897, 0.035893777467037986, 0.011637168478835202, 0.0038143484337355552], [0.05945485241115219, 0.07710374145248244, 0.04999580946614321, 0.021612275592059207, 0.007006944100736508, 0.0022966863721639664], [0.02386587585689521, 0.030950347145457333, 0.02006890495383936, 0.008675421186788473, 0.0028126696352376163, 0.0009219168767124358], [0.007185032095587568, 0.009317874564634482, 0.006041920568147591, 0.002611811946210496, 0.0008467789627602598, 0.00027755119436477434], [0.0021479073944886905, 0.0027855034482848497, 0.001806183423064621, 0.0007807801158918361, 0.00025313774126731854, 8.297169098122379e-05]]","[{""score"": ""1-1"", ""prob"": 0.131511752567609}, {""score"": ""0-1"", ""prob"": 0.10287914039795984}, {""score"": ""1-0"", ""prob"": 0.09528545619803667}]",2026-06-28T13:46:05,D,1.0,1.0,Morocco won 3-2 on penalties
2026-06-29_brazil_vs_japan,2026-06-29,Brazil,Japan,0.3884,0.3149,0.2966,0.5663,0.2511,0.1826,0.5665,0.2512,0.1823,1987891.0,True,1.3202,1.1822,"[[0.08533918400547896, 0.09335884836574014, 0.057224847857215266, 0.022550672571763703, 0.006664930346880468, 0.001947706352349071], [0.10465699201425646, 0.1312572956211598, 0.07554732997415106, 0.0297710376822481, 0.008798934571689301, 0.0025713308117622643], [0.07136107417454883, 0.08436406272821693, 0.04986818908163893, 0.019651624177888478, 0.005808106429282215, 0.001697314930339411], [0.03140325004402647, 0.03712536263262997, 0.021945062193753043, 0.008647920101650707, 0.0025559231078127235, 0.0007469226854760259], [0.010364517260301069, 0.012253077667482503, 0.007242880133956054, 0.0028542114919189094, 0.0008435722140156774, 0.0002465188493188872], [0.003474167318714097, 0.004107209329380451, 0.002427800236402208, 0.000956726496457669, 0.0002827638705503423, 8.263266954372408e-05]]","[{""score"": ""1-1"", ""prob"": 0.1312572956211598}, {""score"": ""1-0"", ""prob"": 0.10465699201425646}, {""score"": ""0-1"", ""prob"": 0.09335884836574014}]",2026-06-28T13:46:05,H,2.0,1.0,
2026-06-30_france_vs_sweden,2026-06-30,France,Sweden,0.796,0.1804,0.0236,0.7409,0.1636,0.0955,0.7688,0.1558,0.0754,3033871.0,True,2.4715,0.5122,"[[0.05234259795110312, 0.02419178874270157, 0.00663788330052348, 0.0011332028423571173, 0.00014509316718007583, 1.6229678535441396e-05], [0.1233575963243916, 0.06579350500597873, 0.016405213277787004, 0.002800656997750603, 0.00035859087076011635, 4.011087959061297e-05], [0.1545736829654076, 0.0791652981649409, 0.02027235268420994, 0.0034608453693666104, 0.00044312015200863314, 4.956606682070969e-05], [0.12734050506635466, 0.0652177580209962, 0.016700718907424125, 0.0028511049800781776, 0.00036505013582737215, 4.0833393253070014e-05], [0.07867900239937621, 0.040295647776346526, 0.010318758373887653, 0.0017615926326941655, 0.0002255510177039746, 2.522944795969575e-05], [0.06291101750556496, 0.032220034893018855, 0.008250785710273417, 0.001408553509493602, 0.00018034855031773047, 2.0173238015798017e-05]]","[{""score"": ""2-0"", ""prob"": 0.1545736829654076}, {""score"": ""3-0"", ""prob"": 0.12734050506635466}, {""score"": ""1-0"", ""prob"": 0.1233575963243916}]",2026-06-30T20:59:17,H,3.0,0.0,
2026-06-30_ivory_coast_vs_norway,2026-06-30,Ivory Coast,Norway,0.1957,0.2888,0.5155,0.2727,0.2779,0.4494,0.2637,0.2836,0.4527,3883734.0,True,0.9093,1.6621,"[[0.0795472226263578, 0.1239150136829251, 0.10557302417590628, 0.058491876263839435, 0.0243052115981142, 0.010983561347089294], [0.06637582651348277, 0.11862742557053814, 0.0959949775406873, 0.05318523734722527, 0.02210013646663254, 0.009987084608600462], [0.03159485527016229, 0.05251461856270304, 0.043642946600084706, 0.0241800199648358, 0.010047557699141296, 0.004540506299706533], [0.00957614392418712, 0.01591675420507947, 0.013227822515544548, 0.0073287675886795165, 0.0030453331022034214, 0.0013761905678273648], [0.0021768385629387997, 0.003618179156948754, 0.0030069341463027106, 0.001665967432419078, 0.0006922617899598014, 0.00031283413467008303], [0.0004646377737957729, 0.0007722863501689076, 0.0006418184662267324, 0.0003555943064378829, 0.00014776060220862694, 6.677323636907703e-05]]","[{""score"": ""0-1"", ""prob"": 0.1239150136829251}, {""score"": ""1-1"", ""prob"": 0.11862742557053814}, {""score"": ""0-2"", ""prob"": 0.10557302417590628}]",2026-06-30T11:07:15,A,1.0,2.0,
2026-06-30_mexico_vs_ecuador,2026-06-30,Mexico,Ecuador,0.3614,0.3159,0.3227,0.4246,0.3307,0.2447,0.4328,0.3333,0.2338,1501094.0,True,1.2633,1.2368,"[[0.08554028696896777, 0.09805243615394107, 0.06277755995726264, 0.025881390439579273, 0.00800261715581921, 0.0024725721013150416], [0.10022421406513726, 0.1317037180045046, 0.079305265555207, 0.03269529021430811, 0.010109498985162073, 0.003123536295973868], [0.06549237812166375, 0.08100189670340524, 0.05009214398475756, 0.020651556659859443, 0.006385534115965766, 0.001972941251556861], [0.0275782750095015, 0.034109199385429084, 0.021093369369805014, 0.00869619221769432, 0.0026888932877886505, 0.0008307885279711226], [0.008709730135545123, 0.01077231703883712, 0.006661676801651998, 0.002746418599308698, 0.000849202312031812, 0.00026237840749076115], [0.00276277736059665, 0.003417041994746721, 0.002113122859697435, 0.0008711800493020366, 0.00026937194215386346, 8.322796606137416e-05]]","[{""score"": ""1-1"", ""prob"": 0.1317037180045046}, {""score"": ""1-0"", ""prob"": 0.10022421406513726}, {""score"": ""0-1"", ""prob"": 0.09805243615394107}]",2026-06-30T20:59:17,H,2.0,0.0,
2026-07-01_england_vs_dr_congo,2026-07-01,England,DR Congo,0.778,0.1906,0.0314,0.7464,0.1821,0.0716,0.7612,0.1841,0.0547,2065320.0,True,2.3913,0.5403,"[[0.055174216423030845, 0.026947204758072565, 0.007782617371861707, 0.0014017170974434284, 0.00018934608314123192, 2.2456842584390585e-05], [0.1256287912876727, 0.0707453792665218, 0.01861030909060399, 0.003351878576906866, 0.00045277686978340936, 5.370028638508959e-05], [0.15242970204876213, 0.08236174643216965, 0.022251100619441574, 0.004007616806136816, 0.0005413549897885906, 6.420583719647813e-05], [0.12149999304743511, 0.06564961739334774, 0.017736100866319878, 0.003194426070101746, 0.00043150794504910085, 5.1177747303352393e-05], [0.0726347036311418, 0.039246426137670695, 0.010602934186952837, 0.0019096806925976318, 0.0002579625802191444, 3.059490305021824e-05], [0.05519084272275894, 0.029821052804101716, 0.008056546579767175, 0.0014510541309713117, 0.0001960106048691546, 2.324726883911578e-05]]","[{""score"": ""2-0"", ""prob"": 0.15242970204876213}, {""score"": ""1-0"", ""prob"": 0.1256287912876727}, {""score"": ""3-0"", ""prob"": 0.12149999304743511}]",2026-07-01T07:59:31,H,2.0,1.0,
2026-07-01_usa_vs_bosnia_and_herzegovina,2026-07-01,USA,Bosnia and Herzegovina,0.6623,0.2468,0.0909,0.6926,0.1953,0.1121,0.7015,0.194,0.1045,1080191.0,True,1.9825,0.7187,"[[0.06970766033267489, 0.04566133826154634, 0.017336633128769666, 0.0041533423996492885, 0.000746263113515025, 0.00012156672070529283], [0.130492960056349, 0.09822502979880739, 0.034369717414424385, 0.008233963511888877, 0.0014794598315492039, 0.00024100491754108457], [0.13191029787328973, 0.09480536890378016, 0.03406882600483393, 0.008161878866625867, 0.0014665078264809144, 0.00023889502794022523], [0.0871703217166954, 0.0626502603742957, 0.022513712509422204, 0.005393616859996031, 0.0009691128069257306, 0.0001578690729822474], [0.04320359238835525, 0.03105089276866796, 0.01115830754378642, 0.0026731990857571763, 0.0004803143302009294, 7.824350014468531e-05], [0.02489530070415028, 0.017892523974850486, 0.006429776004618185, 0.0015403833663591804, 0.0002767725788952591, 4.508642352556283e-05]]","[{""score"": ""2-0"", ""prob"": 0.13191029787328973}, {""score"": ""1-0"", ""prob"": 0.130492960056349}, {""score"": ""1-1"", ""prob"": 0.09822502979880739}]",2026-07-01T20:22:22,H,2.0,0.0,
2026-07-01_belgium_vs_senegal,2026-07-01,Belgium,Senegal,0.3746,0.3156,0.3098,0.4424,0.2919,0.2657,0.4527,0.2935,0.2537,1296350.0,True,1.2911,1.2098,"[[0.08547547268284554, 0.09576357247906044, 0.060018628453870265, 0.024203132616672444, 0.007320122646302229, 0.0022007249428324014], [0.10242907328374229, 0.13155978174255775, 0.07748711178446338, 0.031247479172965893, 0.009450651845634206, 0.0028412481931868387], [0.06835327747469484, 0.08269249808544572, 0.05001990754681053, 0.020171045007461887, 0.006100636876112094, 0.0018340981960466335], [0.029415856315271403, 0.035586744804341756, 0.02152608430290499, 0.008680616110734937, 0.0026254111640191063, 0.0007893047853188859], [0.009494342861770968, 0.011486075839014712, 0.006947818300875475, 0.002801779581848964, 0.0008473849435883276, 0.0002547581880308382], [0.0030945818275324955, 0.0037437663752586357, 0.0022645687614104627, 0.0009132107724540433, 0.00027619626608512354, 8.303576883342979e-05]]","[{""score"": ""1-1"", ""prob"": 0.13155978174255775}, {""score"": ""1-0"", ""prob"": 0.10242907328374229}, {""score"": ""0-1"", ""prob"": 0.09576357247906044}]",2026-07-01T20:22:22,D,3.0,2.0,After extra time
2026-07-02_portugal_vs_croatia,2026-07-02,Portugal,Croatia,0.5073,0.2975,0.1952,0.5533,0.2575,0.1891,0.5525,0.2633,0.1842,1487299.0,True,1.5813,0.9664,"[[0.08149626987781158, 0.07240616206950082, 0.036546021771795265, 0.011772379954035187, 0.0028441316536631945, 0.0006521080797328281], [0.1205310396898378, 0.12282785799755054, 0.057788557729147066, 0.01861512760078994, 0.004497295691534204, 0.0010311487703530853], [0.09784818388281824, 0.09455797999084813, 0.045689205589433915, 0.014717626212655273, 0.003555684300169752, 0.0008152542650877032], [0.05157429043223849, 0.04984007397188019, 0.024082085790265658, 0.007757437068772164, 0.0018741471482181138, 0.000429708131262899], [0.02038801841821376, 0.019702459066090264, 0.009519976029258767, 0.0030666203744297723, 0.0007408758560918363, 0.0001698694683188092], [0.00862213650350977, 0.00833221199029735, 0.004026018181398202, 0.001296880301479259, 0.00031331798080345936, 7.183816070692571e-05]]","[{""score"": ""1-1"", ""prob"": 0.12282785799755054}, {""score"": ""1-0"", ""prob"": 0.1205310396898378}, {""score"": ""2-0"", ""prob"": 0.09784818388281824}]",2026-07-02T22:59:11,H,2.0,1.0,
2026-07-02_spain_vs_austria,2026-07-02,Spain,Austria,0.7962,0.1803,0.0235,0.7192,0.1841,0.0967,0.7422,0.179,0.0788,1488123.0,True,2.4724,0.5118,"[[0.052309631741478416, 0.02416103392430597, 0.006625497073774322, 0.0011303840063531254, 0.0001446421288385358, 1.6168238476580587e-05], [0.12332891078437194, 0.06573667359545311, 0.016380836562018365, 0.002794754182849827, 0.0003576122736307713, 3.997424933277159e-05], [0.15459523481980406, 0.07912703558066567, 0.0202499377392901, 0.0034548661776255705, 0.0004420791483030839, 4.941603910757438e-05], [0.12740675638632695, 0.06521105878553671, 0.01668860548900644, 0.0028472630088059755, 0.0003643312189859985, 4.0725299608972215e-05], [0.07874991227157845, 0.040306851097646174, 0.010315200350986098, 0.0017598887101221588, 0.00022519254352529525, 2.5172242527826342e-05], [0.06300507296441166, 0.03224811331363749, 0.008252833965263504, 0.0014080259062143642, 0.00018016874211774012, 2.0139438018345056e-05]]","[{""score"": ""2-0"", ""prob"": 0.15459523481980406}, {""score"": ""3-0"", ""prob"": 0.12740675638632695}, {""score"": ""1-0"", ""prob"": 0.12332891078437194}]",2026-07-02T08:11:51,H,3.0,0.0,
2026-07-02_switzerland_vs_algeria,2026-07-02,Switzerland,Algeria,0.4061,0.3137,0.2802,0.4714,0.2952,0.2334,0.4707,0.2984,0.231,765611.0,True,1.3577,1.1479,"[[0.08506601805306033, 0.09026769607432068, 0.0537795126441916, 0.020577425911955688, 0.005905089638364697, 0.0016645193155630875], [0.10739309759105926, 0.1306517395172054, 0.07301468169349203, 0.02793729673552797, 0.008017146662694851, 0.002259863320119436], [0.07523374000633455, 0.08635909670484279, 0.0495648201395308, 0.018964776066462907, 0.005442308630979464, 0.0015340711813529207], [0.03404746100692391, 0.03908230505892352, 0.022430843938820295, 0.008582618298300369, 0.0024629480188718125, 0.0006942527212466305], [0.011556280475891521, 0.013265191163988038, 0.007613405411206555, 0.0029130848920719214, 0.0008359659505252354, 0.00023564104137590284], [0.0040130474838281725, 0.004606485809529915, 0.002643840074022539, 0.0010116012691709288, 0.00029029851441560097, 8.182898382857612e-05]]","[{""score"": ""1-1"", ""prob"": 0.1306517395172054}, {""score"": ""1-0"", ""prob"": 0.10739309759105926}, {""score"": ""0-1"", ""prob"": 0.09026769607432068}]",2026-07-02T22:59:11,H,2.0,0.0,
2026-07-03_argentina_vs_cape_verde,2026-07-03,Argentina,Cape Verde,0.9008,0.0992,0.0,0.8403,0.1146,0.0451,0.8571,0.1053,0.0376,3361105.0,True,3.348,0.3127,"[[0.026461388382490427, 0.007318641564931644, 0.0012578179280326573, 0.00013108898784154244, 1.0246508467364938e-05, 6.756707252692672e-07], [0.08543028091763752, 0.027665195164274684, 0.004211172033199274, 0.00043888568222440725, 3.430529088037173e-05, 2.2621443044271288e-06], [0.14422774637235605, 0.04509397314806274, 0.0070494979829621544, 0.0007346942151022597, 5.742702434371596e-05, 3.786827416573926e-06], [0.16095807360731001, 0.05032484547372169, 0.00786723528430371, 0.0008199182787477857, 6.408852279713826e-05, 4.226096998572472e-06], [0.13472183115423356, 0.042121871757203465, 0.006584872196025446, 0.0006862712098507145, 5.364206313915641e-05, 3.5372411804090844e-06], [0.17970064922482373, 0.05618486355539986, 0.00878332634399528, 0.0009153927087978367, 7.155123627164623e-05, 4.718199946796964e-06]]","[{""score"": ""3-0"", ""prob"": 0.16095807360731001}, {""score"": ""2-0"", ""prob"": 0.14422774637235605}, {""score"": ""4-0"", ""prob"": 0.13472183115423356}]",2026-07-03T22:54:26,D,3.0,2.0,After extra time (1–1 at 90')
2026-07-03_colombia_vs_ghana,2026-07-03,Colombia,Ghana,0.8608,0.1392,0.0,0.6721,0.219,0.109,0.6816,0.2139,0.1045,720028.0,True,2.845,0.405,"[[0.03998773591557857, 0.014500204659013352, 0.003180674429402602, 0.00042939976831841194, 4.347760949551281e-05, 3.7739645850466143e-06], [0.10912600666995784, 0.04589208754866166, 0.009049013105953291, 0.0012216415786812933, 0.0001236937218419771, 1.0736922545670479e-05], [0.15694790786539886, 0.06356519358202874, 0.012872213112219425, 0.0017377840614672384, 0.00017595420954203425, 1.5273262792197496e-05], [0.14883883976484108, 0.06028095430421771, 0.012207141152028662, 0.001647997523435861, 0.0001668631379427885, 1.4484135177920138e-05], [0.10586155873550805, 0.04287480199920137, 0.008682323727461498, 0.001172137507244855, 0.00011868133281629084, 1.0301834717960711e-05], [0.10620927604603597, 0.04301563036994005, 0.008710842051692756, 0.0011759875592038138, 0.00011907115849380475, 1.0335672555835197e-05]]","[{""score"": ""2-0"", ""prob"": 0.15694790786539886}, {""score"": ""3-0"", ""prob"": 0.14883883976484108}, {""score"": ""1-0"", ""prob"": 0.10912600666995784}]",2026-07-03T22:54:26,H,1.0,0.0,
2026-07-03_australia_vs_egypt,2026-07-03,Australia,Egypt,0.5367,0.2902,0.1732,0.2676,0.3335,0.3989,0.2637,0.3333,0.403,953143.0,True,1.6502,0.9175,"[[0.07985336585667883, 0.06724983882620145, 0.0322884165209579, 0.009874542827320148, 0.002264897288752682, 0.0004885346815112003], [0.12345989197013105, 0.11928381826438703, 0.05328102838270109, 0.016294567939159923, 0.0037374411547127268, 0.0008061600114281441], [0.10445168233514072, 0.09583120404196774, 0.04396109025160051, 0.013444315801096993, 0.003083686499671929, 0.0006651461898421286], [0.05745396905736733, 0.052712248464236784, 0.024180932873245384, 0.007395087247664489, 0.0016961912414805308, 0.0003658657070471966], [0.02370204926321981, 0.0217459007684381, 0.009975597362472907, 0.003050767860353354, 0.0006997464061233251, 0.00015093416789876973], [0.01060792360514939, 0.009732443448875616, 0.00446460867419812, 0.0013653803534149425, 0.00031317361366945843, 6.755104188233551e-05]]","[{""score"": ""1-0"", ""prob"": 0.12345989197013105}, {""score"": ""1-1"", ""prob"": 0.11928381826438703}, {""score"": ""2-0"", ""prob"": 0.10445168233514072}]",2026-07-03T08:20:24,D,1.0,1.0,Egypt won 4-2 on penalties
2026-07-04_paraguay_vs_france,2026-07-04,Paraguay,France,0.0868,0.222,0.6912,0.057,0.1367,0.8064,0.0448,0.1244,0.8308,4286620.0,True,0.6341,2.1587,"[[0.06351299611574673, 0.12995569020362185, 0.14271168650299754, 0.10269104825696192, 0.055420048195696556, 0.03611587161996012], [0.036575050903873106, 0.08610537777810169, 0.09049490752841576, 0.06511742061022213, 0.035142406761373146, 0.02290143535293291], [0.012314027978435348, 0.02658241533732817, 0.028691862906421853, 0.020645803791573974, 0.01114207577572716, 0.007261014585824144], [0.002602816093801879, 0.005618725129851054, 0.006064599062530387, 0.00436390354742499, 0.0023551005567154495, 0.001534760653005649], [0.0004126179283101774, 0.0008907224480224631, 0.000961405727885286, 0.0006917987196144151, 0.0003733482035047085, 0.000243301769419353], [5.8403092078836265e-05, 0.0001260753389015046, 0.00013608004742003354, 9.791911972203355e-05, 5.284474573378775e-05, 3.443761084385187e-05]]","[{""score"": ""0-2"", ""prob"": 0.14271168650299754}, {""score"": ""0-1"", ""prob"": 0.12995569020362185}, {""score"": ""0-3"", ""prob"": 0.10269104825696192}]",2026-07-04T21:04:58,A,0.0,1.0,
2026-07-04_canada_vs_morocco,2026-07-04,Canada,Morocco,0.2164,0.296,0.4876,0.1869,0.279,0.5341,0.1759,0.2864,0.5377,5408999.0,True,0.9555,1.5962,"[[0.08115788869649566, 0.12121164149785849, 0.09930159002130726, 0.052835470651316226, 0.021084156041814916, 0.009028186326529726], [0.07126958343254577, 0.12209495294036422, 0.09488289021139686, 0.05048440976625484, 0.02014595801020134, 0.008626452122713728], [0.035582654407308505, 0.05679746796289596, 0.04533040635571021, 0.02411898292973411, 0.009624753851751976, 0.00412129709855447], [0.011333101819196442, 0.0180900356709711, 0.014437768044345078, 0.007681913951365985, 0.0030654912401421107, 0.0013126361825182796], [0.002707201001098436, 0.004321267333485562, 0.0034488298726014044, 0.0018350214681971846, 0.0007322709251684487, 0.00031355669825293046], [0.0006124804422932388, 0.000977648769561875, 0.0007802674588654365, 0.00041515748553689816, 0.00016566986342856437, 7.093944821682617e-05]]","[{""score"": ""1-1"", ""prob"": 0.12209495294036422}, {""score"": ""0-1"", ""prob"": 0.12121164149785849}, {""score"": ""0-2"", ""prob"": 0.09930159002130726}]",2026-07-04T10:00:34,A,0.0,3.0,
2026-07-05_brazil_vs_norway,2026-07-05,Brazil,Norway,0.4634,0.3063,0.2303,0.5342,0.2573,0.2085,0.5423,0.2637,0.194,3481619.0,True,1.4821,1.0423,"[[0.08345083443057265, 0.08015779249848083, 0.04351594421320014, 0.015119036054818354, 0.0039396809955503315, 0.0009883098082400497], [0.11538518407127965, 0.12709099782978672, 0.06449280947276768, 0.022407168896947147, 0.005838804613423467, 0.0014647246501331463], [0.0879792568312945, 0.09170166798575226, 0.04779078736419813, 0.0166042734522187, 0.004326700480602355, 0.001085397657101147], [0.04346322212824855, 0.04530215540281697, 0.023609447064062854, 0.008202788376762686, 0.0021374622933155885, 0.00053620456874884], [0.016103668175373245, 0.016785015986240107, 0.008747595845559765, 0.0030392358335149944, 0.0007919565513886493, 0.00019867050868366878], [0.0062569484300577, 0.006521680543828285, 0.0033988067499028576, 0.0011808702011239743, 0.00030770823435513747, 7.71917996489787e-05]]","[{""score"": ""1-1"", ""prob"": 0.12709099782978672}, {""score"": ""1-0"", ""prob"": 0.11538518407127965}, {""score"": ""2-1"", ""prob"": 0.09170166798575226}]",2026-07-05T09:43:05,A,1.0,2.0,
2026-07-05_mexico_vs_england,2026-07-05,Mexico,England,0.2441,0.3036,0.4523,0.3023,0.303,0.3947,0.2965,0.3065,0.397,3966885.0,True,1.0159,1.5155,"[[0.0828509522676847, 0.11724389509651566, 0.09134819435939866, 0.04614655689204071, 0.017483963924443315, 0.006993360771303576], [0.07750438405651797, 0.1257772188681453, 0.0928030262561102, 0.04688149734007867, 0.017762417467795888, 0.007104738608453532], [0.04104905176495179, 0.06221050397064931, 0.047140514066472974, 0.023814071307526836, 0.00902265286246597, 0.003608945137048976], [0.013900936066465691, 0.02106709415141643, 0.015963761500037102, 0.008064446521778852, 0.003055449887350167, 0.001222140669771425], [0.003530581375492711, 0.005350653358242021, 0.004054500989383258, 0.0020482206778962933, 0.0007760279174330828, 0.00031040118926496397], [0.0008589719687673677, 0.001301785955487139, 0.0009864388685089432, 0.0004983213700653149, 0.00018880353039955352, 7.551898463562517e-05]]","[{""score"": ""1-1"", ""prob"": 0.1257772188681453}, {""score"": ""0-1"", ""prob"": 0.11724389509651566}, {""score"": ""1-2"", ""prob"": 0.0928030262561102}]",2026-07-05T09:43:05,A,2.0,3.0,
2026-07-06_portugal_vs_spain,2026-07-06,Portugal,Spain,0.1682,0.2771,0.5547,0.2336,0.2677,0.4987,0.2239,0.2637,0.5124,6210725.0,True,0.8461,1.7589,"[[0.07687429078817842, 0.12702350478143576, 0.11432396860067595, 0.0670290964430144, 0.029474788784189132, 0.014378754831431443], [0.059558032195194, 0.11295072233290071, 0.09672436811254406, 0.05671030386682193, 0.024937293161676848, 0.012165217778375597], [0.026450863525185133, 0.04652508578730786, 0.04091706884078382, 0.023990018777900805, 0.010549161094667412, 0.005146221815807003], [0.007459628667024029, 0.013120927539635958, 0.011539363900338688, 0.006765625312295775, 0.0029750569178926206, 0.001451328942342712], [0.0015778140795924323, 0.0027752566693924714, 0.0024407342032962856, 0.001431022823183758, 0.0006292654637610158, 0.00030697603614924666], [0.000309711130262012, 0.0005447586575388878, 0.00047909481766527745, 0.0002808972880464229, 0.0001235193173498717, 6.025671614217953e-05]]","[{""score"": ""0-1"", ""prob"": 0.12702350478143576}, {""score"": ""0-2"", ""prob"": 0.11432396860067595}, {""score"": ""1-1"", ""prob"": 0.11295072233290071}]",2026-07-06T18:00:27,A,0.0,1.0,
2026-07-06_usa_vs_belgium,2026-07-06,USA,Belgium,0.2568,0.3064,0.4368,0.3864,0.2786,0.335,0.3869,0.2764,0.3367,5361129.0,True,1.0432,1.481,"[[0.08346859957964028, 0.11532487882616584, 0.08787305940443724, 0.0433800186328779, 0.016061458676950954, 0.006234821530865992], [0.08024156460088938, 0.12712997664405126, 0.09166483683840083, 0.04525189354939822, 0.016754520657273064, 0.006503857976686316], [0.0435952636765001, 0.06456461275193646, 0.04781011591925043, 0.023602270519244118, 0.008738744347604903, 0.003392251756645783], [0.015158808850393628, 0.022450205381688498, 0.016624384100829514, 0.008206907747856193, 0.003038608875973091, 0.0011795431800341325], [0.003953230231635911, 0.00585473644382168, 0.004335434166255093, 0.002140260236623382, 0.0007924316870254692, 0.00030761030136677316], [0.0009926663599977173, 0.0014701394995730948, 0.0010886387588524703, 0.0005374248940865776, 0.0001989816510081951, 7.724174415948321e-05]]","[{""score"": ""1-1"", ""prob"": 0.12712997664405126}, {""score"": ""0-1"", ""prob"": 0.11532487882616584}, {""score"": ""1-2"", ""prob"": 0.09166483683840083}]",2026-07-06T18:00:27,A,1.0,4.0,
2026-07-07_argentina_vs_egypt,2026-07-07,Argentina,Egypt,0.8363,0.1562,0.0075,0.7116,0.1952,0.0931,0.7214,0.194,0.0846,2544815.0,True,2.6799,0.4478,"[[0.0452458563058773, 0.018204268305233997, 0.004393626192115613, 0.000655787116788884, 7.341146988984011e-05, 7.098257599930958e-06], [0.1160276654557263, 0.05401018046163217, 0.011774330437525996, 0.0017574217450726617, 0.00019673291868538704, 1.9022380798404543e-05], [0.15737193095766006, 0.0704674091651816, 0.0157768152307577, 0.0023548275888503937, 0.00026360895206532016, 2.548871791036644e-05], [0.14057857417882175, 0.06294774326167524, 0.014093251424991052, 0.0021035409736861197, 0.0002354789090824986, 2.2768784748847877e-05], [0.09418294322512041, 0.04217288277673371, 0.009442007123566664, 0.001409302102071262, 0.0001577629937875085, 1.5254324308183139e-05], [0.08564070080377109, 0.03834786971226706, 0.008585632168275383, 0.0012814806538496378, 0.00014345414239783053, 1.3870781473862082e-05]]","[{""score"": ""2-0"", ""prob"": 0.15737193095766006}, {""score"": ""3-0"", ""prob"": 0.14057857417882175}, {""score"": ""1-0"", ""prob"": 0.1160276654557263}]",2026-07-07T08:09:18,H,3.0,2.0,
2026-07-07_switzerland_vs_colombia,2026-07-07,Switzerland,Colombia,0.2201,0.2971,0.4828,0.2673,0.3074,0.4253,0.2637,0.3134,0.4229,1812499.0,True,0.9637,1.5849,"[[0.08141489153883989, 0.12069898251027308, 0.09820286925253895, 0.05188040888123861, 0.020556248861447454, 0.008719717571492688], [0.07212869198053892, 0.12265145993731448, 0.09463956832142362, 0.04999792305694196, 0.019810363315884937, 0.008403321747439315], [0.036309510036075125, 0.05754675727767429, 0.04560278106046194, 0.024091871709514247, 0.009545771150965856, 0.004049203188750651], [0.011664005277821706, 0.01848622247839271, 0.014649359863134986, 0.007739231911782447, 0.003066467296725314, 0.0013007591487088376], [0.002810193919978854, 0.004453862011785495, 0.003529451593891286, 0.001864603276985057, 0.0007388000560542262, 0.0003133902432305056], [0.0006422333780279863, 0.0010178724054463277, 0.0008066103921213088, 0.00042613089892002087, 0.00016884317210768922, 7.162127606925232e-05]]","[{""score"": ""1-1"", ""prob"": 0.12265145993731448}, {""score"": ""0-1"", ""prob"": 0.12069898251027308}, {""score"": ""0-2"", ""prob"": 0.09820286925253895}]",2026-07-07T08:09:18,D,0.0,0.0,Switzerland won 4-3 on penalties
2026-07-09_france_vs_morocco,2026-07-09,France,Morocco,0.4912,0.301,0.2077,0.6039,0.2434,0.1527,0.6158,0.2414,0.1429,1489653.0,True,1.5444,0.9938,"[[0.0822831624965535, 0.07524401740056116, 0.03901515167313535, 0.012924248878091661, 0.0032109873068467973, 0.0007610121848017643], [0.11874797250978038, 0.12453809106086486, 0.0602552694485368, 0.019960299144642025, 0.004959070952506612, 0.00117531246919192], [0.09422588623998464, 0.09364045138618698, 0.046529326948839725, 0.015413411862524625, 0.003829411698320393, 0.0009075803435380197], [0.04850770295588245, 0.04820631974664725, 0.02395340453071467, 0.007934859877674961, 0.0019713899499422447, 0.00046722444828816264], [0.018728907787053814, 0.01861254321008207, 0.009248450808931752, 0.0030636630864035916, 0.0007611570603203642, 0.00018039616544623292], [0.007678599712733755, 0.007630891804858568, 0.0037917401554929, 0.0012560605649109353, 0.00031206413375377176, 7.395999595508793e-05]]","[{""score"": ""1-1"", ""prob"": 0.12453809106086486}, {""score"": ""1-0"", ""prob"": 0.11874797250978038}, {""score"": ""2-0"", ""prob"": 0.09422588623998464}]",2026-07-08T01:11:44,,,,
