date,home_team,away_team,neutral_used,p_home_model,p_draw_model,p_away_model,p_home_model_corr,p_draw_model_corr,p_away_model_corr,lambda_home,lambda_away,scoreline_grid,top_scorelines,p_home_book,p_draw_book,p_away_book,n_books,p_home_poly,p_draw_poly,p_away_poly,poly_volume,div_model_book_home,div_model_book_draw,div_model_book_away,div_model_book_max,div_model_book_l1,div_model_poly_l1,div_book_poly_l1,divergence_type,note,flag_divergent
2026-06-14,Germany,Curaçao,True,0.845,0.1159,0.0391,0.8386,0.1548,0.0066,2.6932,0.4441,"[[0.04480897196002152, 0.0178743243856067, 0.004279968695647059, 0.0006335387995325764, 7.033428963885752e-05, 6.740078193987178e-06], [0.11550169545662456, 0.05331523447077187, 0.01152669399197753, 0.0017062292725841478, 0.00018942237466240602, 1.8152193239895936e-05], [0.15742045957349476, 0.06990609703395076, 0.015521687637554554, 0.0022975848778093153, 0.0002550735651627443, 2.4443493824186817e-05], [0.14132015088689928, 0.06275639270472258, 0.013934194099683965, 0.002062597469777303, 0.00022898570372442033, 2.194351512373992e-05], [0.09514988601611196, 0.04225344775788988, 0.009381797089732781, 0.0013887326960434535, 0.00015417450004093916, 1.477441787114762e-05], [0.08721775237838561, 0.03873100534305065, 0.008599687185100933, 0.0012729615291685783, 0.00014132180216542837, 1.354275420994564e-05]]","[{""score"": ""2-0"", ""prob"": 0.15742045957349476}, {""score"": ""3-0"", ""prob"": 0.14132015088689928}, {""score"": ""1-0"", ""prob"": 0.11550169545662456}]",0.912,0.0639,0.0241,49,0.9402,0.0394,0.0204,6822553,-0.0734,0.0909,-0.0175,0.0909,0.1818,0.2308,0.0564,model_under_concentrated,,False
2026-06-14,Ivory Coast,Ecuador,True,0.1764,0.239,0.5846,0.17,0.2779,0.5521,0.8502,1.7523,"[[0.07706611219296768, 0.12684414932468363, 0.11374849137082654, 0.06644222278676859, 0.02910743418865341, 0.014127202060236054], [0.0600067283515456, 0.11335483968299573, 0.09670732938520103, 0.05648822104530255, 0.024746721400140823, 0.01201074375990303], [0.026775254665763533, 0.04691949970243017, 0.0411095894288774, 0.0240127360511666, 0.010519653090805787, 0.005105680694979709], [0.007587978651054992, 0.013296761002070145, 0.011650260318114601, 0.00680509413576757, 0.002981219191599525, 0.0014469254016899141], [0.001612797545558595, 0.0028261786826504027, 0.002476220889678114, 0.0014463982602185088, 0.0006336474067853895, 0.00030753878519774525], [0.0003183664893776471, 0.0005578881168483664, 0.0004888063934257602, 0.0002855192442571665, 0.00012508209784734272, 6.070820461036921e-05]]","[{""score"": ""0-1"", ""prob"": 0.12684414932468363}, {""score"": ""0-2"", ""prob"": 0.11374849137082654}, {""score"": ""1-1"", ""prob"": 0.11335483968299573}]",0.2887,0.3449,0.3664,49,0.2965,0.3266,0.3769,2700659,-0.1187,-0.067,0.1857,0.1857,0.3714,0.3504,0.0366,model_over_concentrated,,True
2026-06-14,Netherlands,Japan,True,0.3457,0.2767,0.3775,0.3393,0.3157,0.345,1.2169,1.2837,"[[0.08549901477112344, 0.10185086127363699, 0.06759230998560176, 0.028922093797432137, 0.009281612543708535, 0.00300362423311648], [0.09637230272902828, 0.1316120565459686, 0.08225246693145787, 0.0351950327510416, 0.011294709841764766, 0.0036550829962989214], [0.060742572877745676, 0.0779734731942914, 0.05004613925572098, 0.021414257539972233, 0.006872214812291989, 0.002223918618470445], [0.02463902805917183, 0.03162840332384237, 0.020300230480139868, 0.008686271710216195, 0.0027875785559744416, 0.0009020887763857517], [0.007495752257512711, 0.009622079046578377, 0.006175791434796205, 0.0026425612497723797, 0.0008480447444501091, 0.0002744359057439889], [0.0022698872260294117, 0.002913788178335679, 0.0018701725466467613, 0.000800228692036447, 0.0002568075713280623, 8.3105542367378e-05]]","[{""score"": ""1-1"", ""prob"": 0.1316120565459686}, {""score"": ""0-1"", ""prob"": 0.10185086127363699}, {""score"": ""1-0"", ""prob"": 0.09637230272902828}]",0.4623,0.2827,0.2549,48,0.468,0.2709,0.2611,2413684,-0.123,0.033,0.0901,0.123,0.2461,0.2574,0.0237,disagree_on_favorite,,False
2026-06-14,Sweden,Tunisia,True,0.4147,0.2746,0.3108,0.4083,0.3135,0.2782,1.3623,1.1437,"[[0.08502476956488078, 0.08988510343171614, 0.05336388906271396, 0.02034418624911545, 0.005816938027871625, 0.0016324060397979268], [0.10772199951699102, 0.1305603834690892, 0.07269843853534617, 0.0277151946674056, 0.007924503238250984, 0.0022238516013986702], [0.07571370223982585, 0.08659415685578306, 0.04951909482521436, 0.018878415829622717, 0.005397835706015556, 0.0015147934473630188], [0.03438197643414377, 0.039322846093557115, 0.02248687226953607, 0.008572784436192008, 0.0024511845881178707, 0.0006878753920242919], [0.01170977249045631, 0.013392527980896152, 0.007658552113854818, 0.002919708689516852, 0.0008348215209195819, 0.00023427577986438397], [0.004084005077991882, 0.004670897946625851, 0.0026710651934988795, 0.0010183037393734354, 0.00029115982683960924, 8.170811818901261e-05]]","[{""score"": ""1-1"", ""prob"": 0.1305603834690892}, {""score"": ""1-0"", ""prob"": 0.10772199951699102}, {""score"": ""0-1"", ""prob"": 0.08988510343171614}]",0.4868,0.2882,0.225,49,0.5025,0.2792,0.2183,563444,-0.0785,0.0253,0.0532,0.0785,0.157,0.1884,0.0314,model_under_concentrated,,False
2026-06-15,Belgium,Egypt,True,0.544,0.251,0.205,0.5376,0.2899,0.1725,1.6524,0.9159,"[[0.07979650697610263, 0.06708574544178486, 0.03215759450784606, 0.009818024727972264, 0.002248153454129381, 0.00048397011469364793], [0.12354627765706443, 0.11916181302805683, 0.05313717781111021, 0.016223294487927264, 0.0037148465756537724, 0.0007997117456489223], [0.10466217881106166, 0.09586312739279136, 0.04390191040316509, 0.013403677997069447, 0.003069204429817442, 0.0006607214543956636], [0.05764789407392466, 0.05280137941243308, 0.024181157981942453, 0.007382741484590504, 0.0016905168024520076, 0.000363925162346659], [0.0238143309902641, 0.021812236964939884, 0.009989230468183173, 0.003049808707741101, 0.0006983520790294539, 0.00015033739585864657], [0.010677522062801603, 0.00977985237239786, 0.004478825324047154, 0.001367428704066606, 0.00031311690991818486, 6.740608677191459e-05]]","[{""score"": ""1-0"", ""prob"": 0.12354627765706443}, {""score"": ""1-1"", ""prob"": 0.11916181302805683}, {""score"": ""2-0"", ""prob"": 0.10466217881106166}]",0.5901,0.2424,0.1675,49,0.5961,0.2414,0.1626,142115,-0.0525,0.0475,0.005,0.0525,0.105,0.1169,0.0119,model_under_concentrated,,False
2026-06-15,Iran,New Zealand,True,0.6559,0.2132,0.1309,0.6495,0.2521,0.0984,1.9449,0.7385,"[[0.07098336721999858, 0.04781142849944808, 0.018631705706619383, 0.004586229294132561, 0.0008466817049479924, 0.00014222435040487166], [0.13025240613195246, 0.10079226028352524, 0.036236909232148645, 0.008919783151698198, 0.0016467160105379409, 0.0002766129391144059], [0.1292411681022089, 0.09543886756664673, 0.035238684299110166, 0.008674068212759027, 0.0016013536158364003, 0.0002689930306156953], [0.08378729160785223, 0.061873196791333754, 0.02284530510364618, 0.0056234146862095755, 0.0010381605516847677, 0.00017438868611008765], [0.04073959368790677, 0.03008438211904925, 0.011107990600230667, 0.0027342527137291543, 0.0005047810741562022, 8.479238413796723e-05], [0.0228475010652106, 0.016871865678798257, 0.006229562057376508, 0.0015334183808520846, 0.0002830903572046536, 4.755310280595712e-05]]","[{""score"": ""1-0"", ""prob"": 0.13025240613195246}, {""score"": ""2-0"", ""prob"": 0.1292411681022089}, {""score"": ""1-1"", ""prob"": 0.10079226028352524}]",0.5211,0.2764,0.2025,49,0.5276,0.2764,0.196,219332,0.1284,-0.0243,-0.1041,0.1284,0.2568,0.2438,0.013,model_over_concentrated,,False
2026-06-15,Spain,Cape Verde,True,0.9373,0.0517,0.011,0.9112,0.0888,0.0,3.5393,0.2904,"[[0.022342943296931674, 0.0057101081289704925, 0.0009167454801781584, 8.87443926372507e-05, 6.443091944416238e-06, 3.931223021063021e-07], [0.07634018135088304, 0.022948578986829064, 0.003244656735917374, 0.00031409491246075534, 2.2804172073498924e-05, 1.391386107865698e-06], [0.1361638871620955, 0.03954352127150591, 0.005741941226635794, 0.0005558413951684345, 4.035564511914352e-05, 2.462281191869604e-06], [0.16064257863710327, 0.04665240804915998, 0.006774191485378204, 0.0006557670825510845, 4.761053043958413e-05, 2.904934694767463e-06], [0.14214142205225785, 0.04127946450143821, 0.005994009926603342, 0.0005802425884823454, 4.21272402295822e-05, 2.5703742556073462e-06], [0.21032491365299227, 0.061080715821984696, 0.008869262752869728, 0.0008585778203025898, 6.233515913797621e-05, 3.80335116647232e-06]]","[{""score"": ""3-0"", ""prob"": 0.16064257863710327}, {""score"": ""4-0"", ""prob"": 0.14214142205225785}, {""score"": ""2-0"", ""prob"": 0.1361638871620955}]",0.8782,0.0849,0.0369,49,0.9005,0.0682,0.0313,750971,0.033,0.0039,-0.0369,0.0369,0.0738,0.0626,0.0446,model_over_concentrated,,False
2026-06-15,Saudi Arabia,Uruguay,True,0.1146,0.2013,0.6841,0.1082,0.2402,0.6516,0.695,2.0293,"[[0.06809068506727249, 0.13061129600941962, 0.13506025943535968, 0.09136007635429041, 0.046349664140785896, 0.027613396949066085], [0.04308796809285862, 0.09500555718205672, 0.09386392248789327, 0.06349325228055964, 0.032212001520201504, 0.019190706146207735], [0.015840524608139134, 0.03214546330079216, 0.03261668525459165, 0.022063209916381988, 0.011193317806853367, 0.006668560247574883], [0.0036696058983892578, 0.007446797669468084, 0.007555960648844703, 0.005111149235862768, 0.0025930369140343724, 0.0015448344435317063], [0.0006375739337528395, 0.0012938403238528383, 0.0013128067938522137, 0.0008880341961890891, 0.00045052596693636747, 0.00026840652659505543], [9.999977201252985e-05, 0.0002029313473409003, 0.000205906128108138, 0.00013928301089025444, 7.066238375552263e-05, 4.209800627857151e-05]]","[{""score"": ""0-2"", ""prob"": 0.13506025943535968}, {""score"": ""0-1"", ""prob"": 0.13061129600941962}, {""score"": ""1-1"", ""prob"": 0.09500555718205672}]",0.1175,0.2151,0.6674,49,0.1144,0.2139,0.6716,229804,-0.0093,0.0251,-0.0158,0.0251,0.0502,0.0525,0.0085,model_under_concentrated,,False
2026-06-16,France,Senegal,True,0.6552,0.2135,0.1314,0.6488,0.2524,0.0988,1.9429,0.7396,"[[0.0710524087212004, 0.04793105647030008, 0.018704973439160902, 0.004611103289788349, 0.0008525382414302994, 0.00014344951397055028], [0.13023544433150722, 0.10093187847446246, 0.036341004408707356, 0.008958693554323516, 0.0016563560537084607, 0.0002787012468414685], [0.12909182419958157, 0.09547018131636108, 0.03530260563398406, 0.008702710084375667, 0.001609027749918809, 0.00027073770708953217], [0.08360212445857253, 0.06182816014864847, 0.022862585204166674, 0.005636027348068158, 0.0010420345288330443, 0.00017533447702105511], [0.0406066491274122, 0.030030748878800514, 0.011104657705094558, 0.002737492455815648, 0.0005061298473574006, 8.516225675413738e-05], [0.022739021159704918, 0.01681669994621267, 0.006218416243485723, 0.001532948426303492, 0.00028342396026095337, 4.7689390775987026e-05]]","[{""score"": ""1-0"", ""prob"": 0.13023544433150722}, {""score"": ""2-0"", ""prob"": 0.12909182419958157}, {""score"": ""1-1"", ""prob"": 0.10093187847446246}]",0.6511,0.2174,0.1315,49,0.6617,0.2139,0.1244,407025,-0.0023,0.035,-0.0327,0.035,0.07,0.077,0.0212,model_under_concentrated,,False
2026-06-16,Iraq,Norway,True,0.1157,0.2021,0.6822,0.1093,0.2411,0.6497,0.6979,2.0234,"[[0.06829547182338323, 0.13060723727017517, 0.1346750880802297, 0.0908352224480715, 0.04594968762304759, 0.02726134623086611], [0.04340512441264302, 0.09541114485192594, 0.09399114459210833, 0.06339484643282255, 0.032068764868876186, 0.01902597705252225], [0.016021754297526246, 0.032418904706945265, 0.032798698659368075, 0.022121961315934874, 0.01119056225857166, 0.006639213627558311], [0.003727249650162753, 0.0075418302505286805, 0.007630184300279677, 0.005146382290262877, 0.002603336594034883, 0.0015445254128315569], [0.0006503215735612365, 0.0013158804417196426, 0.001331296244270477, 0.0008979284306875697, 0.0004542239209193805, 0.0002694850871698592], [0.00010248399913659539, 0.00020736923936656091, 0.00020979861147958813, 0.0001415042961151959, 7.158102362252235e-05, 4.246808127493342e-05]]","[{""score"": ""0-2"", ""prob"": 0.1346750880802297}, {""score"": ""0-1"", ""prob"": 0.13060723727017517}, {""score"": ""1-1"", ""prob"": 0.09541114485192594}]",0.0648,0.1349,0.8003,48,0.0547,0.1244,0.8209,148211,0.0445,0.1062,-0.1506,0.1506,0.3013,0.3425,0.0412,model_under_concentrated,,True
2026-06-16,Argentina,Algeria,True,0.7463,0.1719,0.0818,0.7399,0.2108,0.0493,2.2393,0.5994,"[[0.060618515086878065, 0.032946343877085414, 0.010510234600381948, 0.0021001033149429136, 0.00031472422603730026, 4.185041276768028e-05], [0.12887715424066887, 0.08064593025949156, 0.023535938563649085, 0.004702835329290935, 0.0007047730455261885, 9.371710349145618e-05], [0.1466734891067809, 0.08792272267914936, 0.026352428139507646, 0.005265612405127832, 0.0007891115532386612, 0.00010493200551669413], [0.10948370357682273, 0.06562948332444182, 0.01967064019902689, 0.0039304904466665735, 0.0005890284325405987, 7.832597872780914e-05], [0.06129267849575941, 0.036741603451743175, 0.011012289373995482, 0.0022004214271866105, 0.0003297580293786747, 4.384953079944593e-05], [0.04217064706203208, 0.025278993016495416, 0.007576685828273262, 0.001513936047027859, 0.0002268804335865564, 3.0169395963125934e-05]]","[{""score"": ""2-0"", ""prob"": 0.1466734891067809}, {""score"": ""1-0"", ""prob"": 0.12887715424066887}, {""score"": ""3-0"", ""prob"": 0.10948370357682273}]",0.6862,0.2077,0.1061,48,0.7015,0.204,0.0945,377621,0.0537,0.0031,-0.0568,0.0568,0.1136,0.0904,0.0306,model_over_concentrated,,False
2026-06-16,Austria,Jordan,True,0.4523,0.2701,0.2776,0.4459,0.3091,0.245,1.4435,1.0737,"[[0.08405935308707552, 0.08325361687429332, 0.04650772780459104, 0.016645258792526135, 0.004468041979511917, 0.0011615133954501688], [0.11309097723102986, 0.12842851150005358, 0.06713479919699422, 0.024027751072111768, 0.00644970449553251, 0.0016766669164273466], [0.08406145398603072, 0.0902575586117142, 0.048455186653687865, 0.017342260303053848, 0.004655136217435052, 0.0012101504638921718], [0.04044810830342942, 0.043429507019191266, 0.023315331161853955, 0.008344628717470853, 0.002239926208287093, 0.0005822918199236729], [0.014596905487720625, 0.01567283207861876, 0.00841403219234444, 0.0030114079947890678, 0.0008083441360609433, 0.00021013735915501492], [0.0054817872769960885, 0.00588584556879833, 0.0031598433420720693, 0.0011309176486458705, 0.00030356917801659496, 7.891592521487219e-05]]","[{""score"": ""1-1"", ""prob"": 0.12842851150005358}, {""score"": ""1-0"", ""prob"": 0.11309097723102986}, {""score"": ""2-1"", ""prob"": 0.0902575586117142}]",0.7195,0.1756,0.105,48,0.7214,0.1741,0.1045,119368,-0.2736,0.1335,0.14,0.2736,0.5471,0.551,0.0039,model_under_concentrated,,True
2026-06-17,Portugal,DR Congo,True,0.7758,0.1564,0.0678,0.7694,0.1953,0.0353,2.3549,0.5538,"[[0.05646956731214555, 0.02828644757508483, 0.008363775563581602, 0.0015438470975781544, 0.0002137309737613128, 2.604149266786033e-05], [0.12653829623539228, 0.07305635753392337, 0.019696122924590748, 0.003635654971790097, 0.0005033219148449503, 6.132594506234701e-05], [0.15125605936345, 0.08375986172662427, 0.023191515321727713, 0.004280860162459487, 0.0005926444480763484, 7.220921599535581e-05], [0.11873257939009652, 0.0657495935965331, 0.01820481404647159, 0.003360378230374183, 0.00046521246340448086, 5.668259841586856e-05], [0.06990178840414835, 0.03870895589780269, 0.010717774901801449, 0.001978365577705249, 0.00027388593212508824, 3.3370916567435794e-05], [0.05188509769980837, 0.02873199676956872, 0.007955344356704912, 0.0014684558668470776, 0.00020329377361209193, 2.4769799256392223e-05]]","[{""score"": ""2-0"", ""prob"": 0.15125605936345}, {""score"": ""1-0"", ""prob"": 0.12653829623539228}, {""score"": ""3-0"", ""prob"": 0.11873257939009652}]",0.7416,0.1697,0.0886,46,0.7588,0.1658,0.0754,175081,0.0278,0.0256,-0.0533,0.0533,0.1067,0.0802,0.0343,model_over_concentrated,,False
2026-06-17,Uzbekistan,Colombia,True,0.1376,0.2176,0.6449,0.1312,0.2565,0.6123,0.7555,1.9134,"[[0.072033873942461, 0.12994807748028425, 0.12691178394255878, 0.0809454399310843, 0.03872077936002971, 0.021222243705372602], [0.04967043431972713, 0.10292412243103212, 0.09588008869480638, 0.061153154726319145, 0.029253010587669347, 0.016033110130221497], [0.019784793333330095, 0.0378567399470998, 0.03621803713784668, 0.023100179183441708, 0.011050121441068511, 0.0060563959215757645], [0.0049823787849011866, 0.009533413607116214, 0.009120741208975651, 0.0058172880935331885, 0.00278273771734641, 0.001525174311615727], [0.0009410294792319338, 0.0018005903664317898, 0.0017226483012695748, 0.0010987200735899556, 0.0005255799163502354, 0.00028806199812568756], [0.00016222151247881846, 0.00031039887595844687, 0.00029696265533477734, 0.00018940536514762236, 9.060329228837272e-05, 4.965822437545783e-05]]","[{""score"": ""0-1"", ""prob"": 0.12994807748028425}, {""score"": ""0-2"", ""prob"": 0.12691178394255878}, {""score"": ""1-1"", ""prob"": 0.10292412243103212}]",0.1081,0.2047,0.6871,48,0.0945,0.204,0.7015,59877,0.0231,0.0518,-0.0748,0.0748,0.1497,0.1784,0.0287,model_under_concentrated,,False
2026-06-17,England,Croatia,True,0.5338,0.2537,0.2125,0.5274,0.2926,0.18,1.6282,0.9327,"[[0.08039896851848496, 0.06886839216208283, 0.03359399962970269, 0.010444490944073289, 0.0024354213315607443, 0.0005355631550682646], [0.1225848903506104, 0.12045676403725473, 0.05469877145467066, 0.017006037667664824, 0.003965427048855683, 0.0008720202102020623], [0.10237638555176586, 0.0954875195185418, 0.04453110126257348, 0.013844873757018478, 0.003228314434964553, 0.0007099249078326938], [0.05556411439916863, 0.05182522736689436, 0.024168964273733502, 0.007514214778446565, 0.0017521465679227024, 0.00038530710555013], [0.02261779505345102, 0.021095852671422333, 0.0098381605917517, 0.0030587182335989897, 0.000713224576786852, 0.00015684218564818256], [0.009943608015303557, 0.00927450660939699, 0.004325214384726657, 0.0013447241462880518, 0.00031355954909349695, 6.895354788843734e-05]]","[{""score"": ""1-0"", ""prob"": 0.1225848903506104}, {""score"": ""1-1"", ""prob"": 0.12045676403725473}, {""score"": ""2-0"", ""prob"": 0.10237638555176586}]",0.5559,0.2538,0.1903,48,0.5622,0.2537,0.1841,167298,-0.0285,0.0388,-0.0103,0.0388,0.0776,0.0778,0.0126,model_under_concentrated,,False
2026-06-17,Ghana,Panama,True,0.1114,0.1988,0.6898,0.105,0.2377,0.6572,0.6862,2.047,"[[0.06747198672929958, 0.13060508175869726, 0.1362005015506327, 0.09293595823140237, 0.04756090598450247, 0.0286911109270735], [0.042144387183481284, 0.09378402029572167, 0.09346623218410618, 0.06377637197671757, 0.03263819612280498, 0.01968898796259492], [0.015306577916359525, 0.031333177257904604, 0.03207013358701052, 0.021882948752651333, 0.011198817853656848, 0.00675568554972557], [0.003501328676440854, 0.007167359853821485, 0.007335936157583367, 0.0050056515840064845, 0.0025616922546311586, 0.0015453405505478919], [0.0006006879477301929, 0.0012296322565216139, 0.0012585532071950024, 0.0008587695857521525, 0.0004394839232045216, 0.0002651186248519963], [9.28826761920613e-05, 0.00019013455347219712, 0.00019460651816986322, 0.00013278910898481224, 6.795615441406752e-05, 4.0994542137331454e-05]]","[{""score"": ""0-2"", ""prob"": 0.1362005015506327}, {""score"": ""0-1"", ""prob"": 0.13060508175869726}, {""score"": ""1-1"", ""prob"": 0.09378402029572167}]",0.4435,0.2834,0.2731,48,0.4372,0.2864,0.2764,72013,-0.3385,-0.0457,0.3841,0.3841,0.7683,0.7617,0.0126,disagree_on_favorite,,True
2026-06-18,Czech Republic,South Africa,True,0.5415,0.2517,0.2068,0.5351,0.2906,0.1743,1.6464,0.92,"[[0.07994757062465024, 0.06752354284616702, 0.032507252708028, 0.009969326698541978, 0.0022930453947062673, 0.0004962298821037097], [0.12331484384042973, 0.1194860546923284, 0.05352092339021039, 0.016413800799378975, 0.003775339245141453, 0.0008170078764437341], [0.10410061539244346, 0.09577675360830212, 0.04405923296977592, 0.013512088871613353, 0.0031079163214147863, 0.0006725732309200145], [0.05713146654107303, 0.052563247331028795, 0.024180150950585195, 0.007415570507036788, 0.0017056557894493726, 0.00036911496530420547], [0.023515743327949708, 0.0216354297824891, 0.009952732842526485, 0.0030523048546009855, 0.0007020608112989207, 0.00015193050884416753], [0.01049277297381951, 0.00965377320770682, 0.004440929837058777, 0.0013619446954989236, 0.0003132609760210965, 6.77917051086354e-05]]","[{""score"": ""1-0"", ""prob"": 0.12331484384042973}, {""score"": ""1-1"", ""prob"": 0.1194860546923284}, {""score"": ""2-0"", ""prob"": 0.10410061539244346}]",0.5401,0.254,0.2058,48,0.5477,0.2462,0.206,159971,-0.005,0.0366,-0.0315,0.0366,0.0731,0.0887,0.0156,model_under_concentrated,,False
2026-06-18,Mexico,South Korea,False,0.6094,0.2307,0.1599,0.603,0.2697,0.1274,1.8164,0.8109,"[[0.07514342371253072, 0.0557317700591091, 0.023762988534999325, 0.006423455809255919, 0.0013022599558350795, 0.00024343260649659345], [0.12839699406841862, 0.10932737775234101, 0.0431635771399389, 0.011667696170430964, 0.0023654515498819383, 0.0004421759524655851], [0.11922186907763864, 0.09668183019856788, 0.03920160102697935, 0.010596720672486343, 0.002148327225208586, 0.0004015887102239596], [0.07218567837291734, 0.05853828289400492, 0.02373552927268875, 0.006416033200868639, 0.0013007551325814235, 0.0002431513085534963], [0.032779884696101484, 0.02658253280741041, 0.010778424893927257, 0.002913553398283775, 0.0005906795395564008, 0.00011041624928581635], [0.01671206894294071, 0.013552491873415914, 0.005495131590412324, 0.001485408069993868, 0.0003011443536110138, 5.629318063784864e-05]]","[{""score"": ""1-0"", ""prob"": 0.12839699406841862}, {""score"": ""2-0"", ""prob"": 0.11922186907763864}, {""score"": ""1-1"", ""prob"": 0.10932737775234101}]",0.4819,0.2855,0.2326,47,0.4925,0.2836,0.2239,228407,0.1211,-0.0158,-0.1052,0.1211,0.2421,0.2209,0.0212,model_over_concentrated,,False
2026-06-18,Switzerland,Bosnia and Herzegovina,True,0.7717,0.1586,0.0697,0.7653,0.1975,0.0372,2.338,0.5602,"[[0.057074388961745735, 0.028929707791510304, 0.00864862094056565, 0.0016148765560570775, 0.00022614816072042516, 2.7904705935527237e-05], [0.12693442374618172, 0.07414505515346906, 0.020220666893565272, 0.003775617076833334, 0.0005287393976387057, 6.524181917126382e-05], [0.1506664805932239, 0.08439765216870958, 0.023638183036946966, 0.004413738083386865, 0.0006181021984099906, 7.626840753330922e-05], [0.11742052045205949, 0.06577452531951862, 0.018422198114742366, 0.0034398057275233764, 0.00048171219998038075, 5.943907411489446e-05], [0.06863294295260423, 0.038445573453511, 0.010767876580711492, 0.0020105854526640573, 0.0002815634423484373, 3.474246722104028e-05], [0.05038772167260853, 0.02822529198634392, 0.007905369416091792, 0.0014760961111312514, 0.0002067132743532789, 2.550661086706435e-05]]","[{""score"": ""2-0"", ""prob"": 0.1506664805932239}, {""score"": ""1-0"", ""prob"": 0.12693442374618172}, {""score"": ""3-0"", ""prob"": 0.11742052045205949}]",0.6057,0.2362,0.1582,48,0.6119,0.2338,0.1542,48050,0.1596,-0.0387,-0.121,0.1596,0.3193,0.3067,0.0126,model_over_concentrated,,True
2026-06-18,Canada,Qatar,False,0.8672,0.1015,0.0312,0.8597,0.1403,0.0,2.8343,0.4076,"[[0.0403162646917021, 0.01471518003965474, 0.003247214378218103, 0.0004411531236052814, 4.4949929955076974e-05, 3.9281812125901075e-06], [0.1095938265901064, 0.04638331607985287, 0.009203669335300408, 0.0012503724740606605, 0.00012740282708974143, 1.113375242864561e-05], [0.157040528795421, 0.06400463142388063, 0.0130431070091578, 0.0017719826067552073, 0.0001805506745692409, 1.577835090003864e-05], [0.1483681016944855, 0.060470031124177384, 0.012322812728603135, 0.0016741264030154098, 0.00017057992004340585, 1.4907005146154785e-05], [0.10513095139807176, 0.04284796954702875, 0.008731722056577794, 0.001186255667488825, 0.00012086984384620461, 1.0562834029772135e-05], [0.1048168046948413, 0.04271993352914519, 0.008705630390316615, 0.001182710961556135, 0.00012050866702378156, 1.0531270732350246e-05]]","[{""score"": ""2-0"", ""prob"": 0.157040528795421}, {""score"": ""3-0"", ""prob"": 0.1483681016944855}, {""score"": ""1-0"", ""prob"": 0.1095938265901064}]",0.7479,0.1692,0.0829,48,0.7612,0.1642,0.0746,100526,0.1118,-0.0289,-0.0829,0.1118,0.2236,0.197,0.0266,model_over_concentrated,,False
2026-06-19,Scotland,Morocco,True,0.1397,0.2189,0.6414,0.1333,0.2578,0.6089,0.7609,1.9037,"[[0.07235559433613181, 0.12983441338488544, 0.12617324430023294, 0.08006427940864053, 0.03810408977420396, 0.02073516891541253], [0.05025705277067446, 0.1035802053348993, 0.0959995311747293, 0.060917299303033245, 0.028991683414742973, 0.015776454871619307], [0.020155119919277202, 0.03836879589681805, 0.036520856845997755, 0.02317461283473971, 0.011029232192677959, 0.006001796496850209], [0.0051117072502232215, 0.00973102878839797, 0.009262357627825315, 0.005877505910304866, 0.0027972151190122562, 0.0015221654244771052], [0.0009723168771744659, 0.0018509752339234138, 0.0017618275466708161, 0.001117982292908604, 0.0005320687074136395, 0.00028953675545599633], [0.0001689718550931723, 0.0003216674793473092, 0.00030617515328987054, 0.00019428598477385975, 9.246433815894475e-05, 5.03164799825637e-05]]","[{""score"": ""0-1"", ""prob"": 0.12983441338488544}, {""score"": ""0-2"", ""prob"": 0.12617324430023294}, {""score"": ""1-1"", ""prob"": 0.1035802053348993}]",0.1952,0.2684,0.5364,44,0.1859,0.2563,0.5578,68592,-0.0619,-0.0106,0.0725,0.0725,0.145,0.1052,0.0428,model_over_concentrated,,False
2026-06-19,Brazil,Haiti,True,0.7663,0.1615,0.0722,0.7599,0.2004,0.0397,2.3162,0.5686,"[[0.05785684839321235, 0.029779449390185755, 0.009030548437492247, 0.001711490310134936, 0.00024327418500336476, 3.051402311593736e-05], [0.12741949695986368, 0.07556254793054205, 0.020916437990735014, 0.003964131435811477, 0.00056346848041297, 7.06761806074313e-05], [0.14986429756689687, 0.08520787908828807, 0.024223189834401384, 0.004590834650752367, 0.000652549156447714, 8.184962183248323e-05], [0.11570457426738281, 0.06578579110702559, 0.018701811656884552, 0.00354441035937957, 0.000503808602590082, 6.319300728611721e-05], [0.0669983547970473, 0.0380930468920573, 0.010829222791485828, 0.0020523792106548135, 0.00029172872135661354, 3.6591703911927325e-05], [0.04849290224695292, 0.02757145910255305, 0.007838109515207683, 0.0014854965429740444, 0.0002111510410998673, 2.6484798413717734e-05]]","[{""score"": ""2-0"", ""prob"": 0.14986429756689687}, {""score"": ""1-0"", ""prob"": 0.12741949695986368}, {""score"": ""3-0"", ""prob"": 0.11570457426738281}]",0.8626,0.0927,0.0447,44,0.8846,0.073,0.0425,194313,-0.1027,0.1077,-0.005,0.1077,0.2154,0.2549,0.0439,model_under_concentrated,,False
2026-06-19,USA,Australia,False,0.3432,0.2767,0.3801,0.3368,0.3156,0.3476,1.2116,1.2891,"[[0.08548205770855515, 0.10227857038807399, 0.06815445159924273, 0.02928649548124073, 0.009438475375931241, 0.0030706235040803597], [0.09592261238969768, 0.13157440295904668, 0.08257819798929687, 0.035484490968883634, 0.011435970358822658, 0.0037204694590096867], [0.06020710011905841, 0.07761437107337844, 0.05002724417223016, 0.02149709411505593, 0.006928100823432353, 0.0022539222045669565], [0.02431630762838421, 0.03134671690999475, 0.02020489039808723, 0.008682197823584582, 0.0027981057146068333, 0.0009103090098728572], [0.007365611557967816, 0.009495180925704744, 0.006120229128451491, 0.002629909837269442, 0.0008475694627200017, 0.0002757401603447017], [0.0022185848368769198, 0.0028600292398508736, 0.0018434650586354275, 0.0007921512071876388, 0.000255295129724343, 8.305528113235845e-05]]","[{""score"": ""1-1"", ""prob"": 0.13157440295904668}, {""score"": ""0-1"", ""prob"": 0.10227857038807399}, {""score"": ""1-0"", ""prob"": 0.09592261238969768}]",0.6012,0.2271,0.1717,44,0.6181,0.2161,0.1658,268887,-0.2644,0.0885,0.1759,0.2644,0.5288,0.5626,0.0338,disagree_on_favorite,,True
2026-06-19,Turkey,Paraguay,True,0.503,0.261,0.2361,0.4966,0.2999,0.2035,1.5566,0.9846,"[[0.08202967131747219, 0.07429671246783724, 0.03818065633817186, 0.012530784504350257, 0.003084426291098357, 0.0007230022074799973], [0.11935633308728781, 0.12398625582665246, 0.059433216164738595, 0.01950581513226195, 0.0048013154325945015, 0.0011254480830331203], [0.09543393298884492, 0.09396344877577963, 0.04625781118583145, 0.015181684109318565, 0.0037369396619721354, 0.0008759540251043892], [0.049518491934239475, 0.048755491203119956, 0.0240021235462329, 0.007877429741927709, 0.001939012788373048, 0.0004545125718748952], [0.019270512332295577, 0.018973584570074635, 0.009340615994792549, 0.00306556401576613, 0.0007545821447963999, 0.00017687715799443333], [0.007982832213164013, 0.007859829541290698, 0.0038693610718933376, 0.0012699134695843923, 0.0003125865337199121, 7.327156903060203e-05]]","[{""score"": ""1-1"", ""prob"": 0.12398625582665246}, {""score"": ""1-0"", ""prob"": 0.11935633308728781}, {""score"": ""2-0"", ""prob"": 0.09543393298884492}]",0.4676,0.2878,0.2446,44,0.4774,0.2864,0.2362,63429,0.029,0.0121,-0.0411,0.0411,0.0822,0.0654,0.0196,model_over_concentrated,,False
2026-06-20,Germany,Ivory Coast,True,0.6079,0.2312,0.1609,0.6015,0.2702,0.1283,1.8125,0.8133,"[[0.07526515399099373, 0.05598884769632064, 0.023939232090982015, 0.006489885123170672, 0.0013195476180651454, 0.00024748751473908465], [0.12831374829904704, 0.10958083528376789, 0.04338925729017941, 0.01176275388963025, 0.002391646937097862, 0.0004485649085279709], [0.11889350198630241, 0.09669547880859965, 0.03932096988404609, 0.0106598480899161, 0.002167400021575877, 0.0004065063188638716], [0.07183049604109107, 0.05841937609468958, 0.023756090319496482, 0.006440235700261956, 0.0013094527124552448, 0.0002455941665440545], [0.03254774278225673, 0.02647091321132122, 0.010764329356555089, 0.0029181913892021797, 0.000593337543515512, 0.00011128331561187965], [0.016544072945713053, 0.013455210151976406, 0.005471526897515319, 0.001483321640320678, 0.0003015944812831105, 5.656549836467927e-05]]","[{""score"": ""1-0"", ""prob"": 0.12831374829904704}, {""score"": ""2-0"", ""prob"": 0.11889350198630241}, {""score"": ""1-1"", ""prob"": 0.10958083528376789}]",0.6098,0.2218,0.1683,45,0.6256,0.202,0.1724,73313,-0.0083,0.0484,-0.04,0.0484,0.0967,0.1364,0.0397,model_under_concentrated,,False
2026-06-20,Ecuador,Curaçao,True,0.8316,0.1242,0.0442,0.8252,0.1631,0.0117,2.6178,0.4657,"[[0.047312709056226414, 0.019823137519350165, 0.004966729703725511, 0.0007709794918336672, 8.97586660064625e-05, 9.054539294974036e-06], [0.1183992808869674, 0.057346682514132004, 0.013001738136294594, 0.0020182442088112484, 0.0002349672199805397, 2.3702668733862717e-05], [0.1569441723437659, 0.07308676661974794, 0.017017756617395303, 0.0026416459384103344, 0.0003075446467832327, 3.102402490091818e-05], [0.13694772701243987, 0.06377469398060591, 0.014849503825465026, 0.0023050706594223472, 0.0002683600142830049, 2.707121665946231e-05], [0.08962428958238434, 0.0417368127681781, 0.009718133042743451, 0.001508534130465416, 0.00017562595712339253, 1.7716530344565167e-05], [0.07847592231144265, 0.03654516974789543, 0.008509294268643169, 0.001320887538168358, 0.00015377984061362135, 1.551277076143965e-05]]","[{""score"": ""2-0"", ""prob"": 0.1569441723437659}, {""score"": ""3-0"", ""prob"": 0.13694772701243987}, {""score"": ""1-0"", ""prob"": 0.1183992808869674}]",0.7928,0.14,0.0672,45,0.8122,0.1246,0.0633,91040,0.0324,0.0231,-0.0555,0.0555,0.111,0.1031,0.0387,model_over_concentrated,,False
2026-06-20,Netherlands,Sweden,True,0.6826,0.202,0.1154,0.6762,0.2409,0.0829,2.0247,0.6973,"[[0.06825165092705933, 0.04333705235733593, 0.015982781826940767, 0.0037148312303989985, 0.0006475705177502175, 0.00010194682923861159], [0.13060836511620955, 0.09532430323283424, 0.03236019811609645, 0.007521386194544806, 0.0013111303448575722, 0.00020641085057599033], [0.13475783632943453, 0.09396410919413761, 0.03275970458246101, 0.007614242313965508, 0.0013273170520321756, 0.00020895911895299696], [0.09094766957206411, 0.06341610245010408, 0.02210942880056703, 0.005138829866036553, 0.0008958023960141382, 0.00014102589817595473], [0.04603523712918943, 0.03209950653860669, 0.011191191620567588, 0.002601135934133034, 0.0004534308126359502, 7.138347463364977e-05], [0.027336485530171928, 0.019061218117673057, 0.006645514759541629, 0.0015445975574295892, 0.00026925471924412787, 4.2388688385377294e-05]]","[{""score"": ""2-0"", ""prob"": 0.13475783632943453}, {""score"": ""1-0"", ""prob"": 0.13060836511620955}, {""score"": ""1-1"", ""prob"": 0.09532430323283424}]",0.5798,0.2379,0.1823,44,0.592,0.2338,0.1741,18205,0.0964,0.003,-0.0994,0.0994,0.1988,0.1825,0.0245,model_over_concentrated,,False
2026-06-20,Tunisia,Japan,True,0.0844,0.1745,0.7411,0.078,0.2135,0.7086,0.6074,2.2202,"[[0.06130511868050479, 0.1291759211053201, 0.1457918888107972, 0.1078976610710948, 0.05988967575412187, 0.04068336388243769], [0.033776876013470306, 0.08192892679403116, 0.08855982493923063, 0.06554135524102582, 0.036379384640083785, 0.02471270255674795], [0.01091290289813627, 0.024229263530558074, 0.026897390030543127, 0.01990622041380436, 0.011049146702886248, 0.007505742020535486], [0.0022096445788146323, 0.0049059412796674, 0.0054461835333843725, 0.004030611509387107, 0.0022372312244004077, 0.0015197626443180256], [0.0003355566257387901, 0.0007450162427302913, 0.0008270574313797508, 0.0006120886638155262, 0.0003397459337374459, 0.00023079115516613536], [4.528054753206738e-05, 0.0001005336828525973, 0.00011160445200832528, 8.259622284232138e-05, 4.58458594508589e-05, 3.114332744428023e-05]]","[{""score"": ""0-2"", ""prob"": 0.1457918888107972}, {""score"": ""0-1"", ""prob"": 0.1291759211053201}, {""score"": ""0-3"", ""prob"": 0.1078976610710948}]",0.1759,0.2624,0.5617,45,0.1542,0.2637,0.5821,29144,-0.0979,-0.0489,0.1469,0.1469,0.2937,0.2529,0.0434,model_over_concentrated,,False
2026-06-21,Belgium,Iran,True,0.3861,0.2764,0.3375,0.3797,0.3154,0.3049,1.3017,1.1996,"[[0.08543366191607343, 0.09488590909252417, 0.05898693325448231, 0.023587421563678306, 0.007074021634872826, 0.0021047546655199568], [0.1032525198620261, 0.13146695927782842, 0.07678247109898739, 0.03070341878428032, 0.009208155633213234, 0.0027397298920174775], [0.0694506860496856, 0.08331485564810873, 0.049973337676601816, 0.0199831067269883, 0.0059930640971951835, 0.001783134159096826], [0.030134330888779877, 0.03614992984021653, 0.02168319967474629, 0.00867057742044572, 0.0026003627439093392, 0.0007736936497771755], [0.009806359912681356, 0.011763965297246276, 0.007056179905035443, 0.002821592526792013, 0.000846214009676162, 0.0002517765673933045], [0.003229309549442695, 0.003873964020490698, 0.0023236541747207874, 0.0009291720651230056, 0.00027866476517811426, 8.291195516469515e-05]]","[{""score"": ""1-1"", ""prob"": 0.13146695927782842}, {""score"": ""1-0"", ""prob"": 0.1032525198620261}, {""score"": ""0-1"", ""prob"": 0.09488590909252417}]",0.6782,0.2029,0.1189,44,0.6915,0.194,0.1144,53164,-0.2985,0.1125,0.186,0.2985,0.597,0.6237,0.0267,model_under_concentrated,,True
2026-06-21,New Zealand,Egypt,True,0.2361,0.261,0.503,0.2297,0.2999,0.4705,0.9846,1.5566,"[[0.08202967131747217, 0.1193563330872878, 0.09543393298884491, 0.04951849193423947, 0.019270512332295573, 0.007982832213164013], [0.07429671246783723, 0.12398625582665244, 0.09396344877577961, 0.04875549120311995, 0.018973584570074635, 0.007859829541290698], [0.03818065633817185, 0.05943321616473859, 0.04625781118583145, 0.024002123546232896, 0.009340615994792549, 0.003869361071893337], [0.012530784504350256, 0.019505815132261947, 0.015181684109318564, 0.007877429741927709, 0.0030655640157661295, 0.0012699134695843923], [0.003084426291098357, 0.004801315432594501, 0.003736939661972135, 0.0019390127883730478, 0.0007545821447963998, 0.000312586533719912], [0.0007230022074799972, 0.0011254480830331201, 0.0008759540251043892, 0.00045451257187489516, 0.00017687715799443327, 7.327156903060201e-05]]","[{""score"": ""1-1"", ""prob"": 0.12398625582665244}, {""score"": ""0-1"", ""prob"": 0.1193563330872878}, {""score"": ""0-2"", ""prob"": 0.09543393298884491}]",0.1966,0.2583,0.5451,44,0.194,0.2537,0.5522,19705,0.0331,0.0416,-0.0746,0.0746,0.1493,0.1636,0.0143,model_under_concentrated,,False
2026-06-21,Spain,Saudi Arabia,True,0.9162,0.0676,0.0162,0.8952,0.1048,0.0,3.2591,0.3252,"[[0.028564586702402393, 0.008236984905200442, 0.0014687263766797582, 0.0001592276741030841, 1.2946651910204328e-05, 8.900037464365019e-07], [0.08971113790404571, 0.03023056527494032, 0.004786794026113765, 0.0005189462729685972, 4.21950316995315e-05, 2.900652350434384e-06], [0.14748598844551772, 0.04796778612241377, 0.0078004308400306185, 0.0008456608932617119, 6.875988913864174e-05, 4.726825078977802e-06], [0.16022613416086767, 0.052111343020824104, 0.00847424824188646, 0.0009187108359680127, 7.469951103920763e-05, 5.135138037461947e-06], [0.1305501000741839, 0.042459621721499766, 0.0069047035418142895, 0.000748553238227936, 6.0864157353194865e-05, 4.184041437412005e-06], [0.1658187474887377, 0.053930263467465246, 0.0087700376517069, 0.0009507779796496718, 7.730686022859647e-05, 5.314377470399449e-06]]","[{""score"": ""3-0"", ""prob"": 0.16022613416086767}, {""score"": ""2-0"", ""prob"": 0.14748598844551772}, {""score"": ""4-0"", ""prob"": 0.1305501000741839}]",0.8587,0.1005,0.0408,44,0.8879,0.0744,0.0377,103045,0.0365,0.0043,-0.0408,0.0408,0.0816,0.0754,0.0584,model_over_concentrated,,False
2026-06-21,Uruguay,Cape Verde,True,0.7481,0.171,0.0809,0.7417,0.2099,0.0484,2.246,0.5967,"[[0.06037817489247599, 0.03265984286108575, 0.0103727349545979, 0.002063061261504353, 0.000307745868424505, 4.0713375909490406e-05], [0.12876645583564816, 0.08019861602697292, 0.023297350454529575, 0.004633672934747612, 0.000691202790681657, 9.144297920481945e-05], [0.14697368670342756, 0.08769598013219639, 0.026163135401458336, 0.00520365664046163, 0.0007762269893207568, 0.00010269129320597408], [0.11003518685320929, 0.06565558622471786, 0.019587625221475412, 0.00389583566688734, 0.0005811399559076425, 7.688216775100833e-05], [0.06178525532729754, 0.03686590875670676, 0.010998540195862574, 0.002187529355613635, 0.0003263127149004419, 4.3169685084000264e-05], [0.042699005312540006, 0.025477561361776268, 0.007600951452989035, 0.0015117737570539119, 0.00022551057324719732, 2.9834021126526136e-05]]","[{""score"": ""2-0"", ""prob"": 0.14697368670342756}, {""score"": ""1-0"", ""prob"": 0.12876645583564816}, {""score"": ""3-0"", ""prob"": 0.11003518685320929}]",0.6625,0.2112,0.1263,44,0.6816,0.204,0.1144,23290,0.0792,-0.0013,-0.0779,0.0792,0.1584,0.132,0.0382,model_over_concentrated,,False
2026-06-22,France,Iraq,True,0.8399,0.1191,0.0411,0.8335,0.158,0.0085,2.6637,0.4524,"[[0.04578111764652203, 0.018614256241861915, 0.0045363507475848115, 0.000684009867182286, 7.735339336114375e-05, 7.561933245573795e-06], [0.11666035061590914, 0.05486654803031947, 0.01208326200968115, 0.001821964592744764, 0.00020604255960989396, 2.0142362394405755e-05], [0.1572924108975863, 0.0711516153005504, 0.016092805530121112, 0.002426540271188036, 0.00027441288950564647, 2.6826126973882435e-05], [0.13965744117279436, 0.06317439265811645, 0.014288547227440305, 0.0021544866865668964, 0.00024364685972131303, 2.381849339309979e-05], [0.09299972308087913, 0.04206865723494338, 0.009514931135934858, 0.0014347009622226578, 0.00016224764175345617, 1.5861047368190936e-05], [0.08373885099912368, 0.03787947859658109, 0.008567438420929972, 0.0012918340627679082, 0.00014609109196955504, 1.4281611151679444e-05]]","[{""score"": ""2-0"", ""prob"": 0.1572924108975863}, {""score"": ""3-0"", ""prob"": 0.13965744117279436}, {""score"": ""1-0"", ""prob"": 0.11666035061590914}]",0.854,0.1064,0.0396,44,0.8778,0.0848,0.0374,122479,-0.0205,0.0516,-0.0311,0.0516,0.1032,0.1464,0.0476,model_under_concentrated,,False
2026-06-22,Norway,Senegal,True,0.4392,0.2719,0.2889,0.4328,0.3109,0.2563,1.4151,1.0976,"[[0.0844480053682609, 0.08555975341545721, 0.048820099408438206, 0.017861490812582485, 0.004901150211394682, 0.0013083729875014384], [0.11129445527574712, 0.12928529225978377, 0.06908583040191478, 0.025275981408389932, 0.0069356686361068155, 0.001851492221692356], [0.08115190238449417, 0.0890715489989579, 0.04888203854719289, 0.01788415208060962, 0.004907368408954285, 0.0013100329492179794], [0.03827963368136085, 0.04201535844417832, 0.023057827040444526, 0.008436016534817441, 0.0023148226907142217, 0.0006179470835936784], [0.013542476932671008, 0.014864092673521144, 0.00815734271158357, 0.0029844736832480316, 0.0008189324159464197, 0.000218615836160771], [0.004957671892905878, 0.0054414930760033195, 0.0029862652809438564, 0.0010925653680724265, 0.0002997973148421904, 8.003156229593856e-05]]","[{""score"": ""1-1"", ""prob"": 0.12928529225978377}, {""score"": ""1-0"", ""prob"": 0.11129445527574712}, {""score"": ""2-1"", ""prob"": 0.0890715489989579}]",0.4451,0.2736,0.2813,44,0.4428,0.2736,0.2836,34646,-0.0123,0.0373,-0.025,0.0373,0.0746,0.0746,0.0046,model_under_concentrated,,False
2026-06-22,Argentina,Austria,True,0.7681,0.1605,0.0714,0.7617,0.1995,0.0389,2.3235,0.5658,"[[0.05759632292223298, 0.02949428942510441, 0.008901664013669654, 0.001678712889964547, 0.0002374340035699168, 2.9619187102670043e-05], [0.12726144567931122, 0.07508945530564072, 0.02068259350672079, 0.0039004096609703514, 0.0005516666291795322, 6.881877432166647e-05], [0.15013634235638748, 0.0849400110289821, 0.024027511794837097, 0.004531208288902858, 0.0006408856043668786, 7.99485766223059e-05], [0.11627821999626813, 0.06578469365843868, 0.018608927449497915, 0.0035093490756240233, 0.000496355753226745, 6.191890674151272e-05], [0.0675417302364698, 0.03821190273560837, 0.010809239751213638, 0.0020384514707828317, 0.00028831475393101594, 3.5966409666458655e-05], [0.049118555450937046, 0.02778894554275626, 0.007860832706589105, 0.0014824285852781843, 0.00020967191954814898, 2.6155949535020428e-05]]","[{""score"": ""2-0"", ""prob"": 0.15013634235638748}, {""score"": ""1-0"", ""prob"": 0.12726144567931122}, {""score"": ""3-0"", ""prob"": 0.11627821999626813}]",0.5844,0.2452,0.1704,44,0.6219,0.2239,0.1542,40664,0.1773,-0.0457,-0.1315,0.1773,0.3545,0.2795,0.075,model_over_concentrated,,True
2026-06-22,Jordan,Algeria,True,0.253,0.2652,0.4818,0.2466,0.3042,0.4493,1.0212,1.5088,"[[0.08297668078710822, 0.11688017807695268, 0.09067364988513882, 0.045602405040627986, 0.017201077833448375, 0.006840420191405801], [0.07803502884594644, 0.12605218016400405, 0.09259292996489253, 0.04656766658788244, 0.017565171327841186, 0.006985210681555266], [0.04153543343086317, 0.06266811784630842, 0.04727641762708319, 0.023776679864890734, 0.008968485776410231, 0.0035665329687653378], [0.01413820326558363, 0.021331535876649804, 0.016092370943784625, 0.008093319489974294, 0.003052773605996975, 0.001214008471820632], [0.003609366300071477, 0.005445764590849314, 0.004108249137578654, 0.002066157493571657, 0.0007793478399094378, 0.0003099263169357029], [0.000883542937573875, 0.0013330780097989805, 0.001005665318931387, 0.0005057782196626662, 0.00019077788803308838, 7.586739214897637e-05]]","[{""score"": ""1-1"", ""prob"": 0.12605218016400405}, {""score"": ""0-1"", ""prob"": 0.11688017807695268}, {""score"": ""1-2"", ""prob"": 0.09259292996489253}]",0.1451,0.2263,0.6287,44,0.1343,0.2139,0.6517,53554,0.1015,0.0779,-0.1794,0.1794,0.3588,0.405,0.0462,model_under_concentrated,,True
2026-06-23,Portugal,Uzbekistan,True,0.6628,0.2103,0.1269,0.6564,0.2493,0.0943,1.9651,0.7278,"[[0.07030089040492968, 0.04664723837748941, 0.017925361065182843, 0.004348527681091556, 0.0007911846067336089, 0.00013072473696340778], [0.1303980024856919, 0.09941587657886114, 0.03522499079644672, 0.008545258697302643, 0.001554750857689204, 0.00025688618709879176], [0.13069010338522383, 0.09511265019691242, 0.034610180852083706, 0.008396111461051665, 0.0015276145471692687, 0.00025240254696640694], [0.08560604297250589, 0.06230171534860372, 0.02267073445168508, 0.005499711607221842, 0.0010006345789239242, 0.00016533144226144319], [0.04205594610983619, 0.030607156834626136, 0.011137521993356131, 0.002701860370385857, 0.0004915848515551509, 8.12228901672502e-05], [0.023932701940141878, 0.017417559929461705, 0.006338009696004086, 0.0015375428425613874, 0.0002797453111584307, 4.622136465585393e-05]]","[{""score"": ""2-0"", ""prob"": 0.13069010338522383}, {""score"": ""1-0"", ""prob"": 0.1303980024856919}, {""score"": ""1-1"", ""prob"": 0.09941587657886114}]",0.7617,0.1557,0.0825,44,0.791,0.1343,0.0746,33178,-0.1053,0.0936,0.0118,0.1053,0.2107,0.2693,0.0586,model_under_concentrated,,False
2026-06-23,Colombia,DR Congo,True,0.7616,0.164,0.0744,0.7552,0.2029,0.0419,2.2976,0.5758,"[[0.058522973951207584, 0.030518899623188208, 0.009368119273564846, 0.001798170601986199, 0.0002588633923810781, 3.292729763954915e-05], [0.12780775983631007, 0.07677727305322969, 0.02152444588998981, 0.004131525730318129, 0.0005947715778906225, 7.565465550230636e-05], [0.1491461598752774, 0.08588391082198608, 0.02472757643993997, 0.004746352999383471, 0.0006832816850088511, 8.691309809004753e-05], [0.11422742581121333, 0.06577640389802246, 0.018938250945558215, 0.0036351166236146234, 0.0005233088672734037, 6.656463346026292e-05], [0.06561301084637786, 0.03778241408967312, 0.010878260241599137, 0.002088035730116759, 0.0003005921751328209, 3.8235178515111495e-05], [0.04691662507973387, 0.027016339192279352, 0.007778506895070442, 0.0014930512750335767, 0.00021493862574951164, 2.734008868226189e-05]]","[{""score"": ""2-0"", ""prob"": 0.1491461598752774}, {""score"": ""1-0"", ""prob"": 0.12780775983631007}, {""score"": ""3-0"", ""prob"": 0.11422742581121333}]",0.6478,0.2257,0.1265,44,0.6617,0.2139,0.1244,16783,0.1074,-0.0228,-0.0846,0.1074,0.2148,0.187,0.0278,model_over_concentrated,,False
2026-06-23,England,Ghana,True,0.8873,0.088,0.0246,0.874,0.126,0.0,2.9842,0.3741,"[[0.03585584822344502, 0.01197099212580081, 0.0024351797509466148, 0.00030363949887768046, 2.8395320276516444e-05, 2.264209653385719e-06], [0.1028198576724108, 0.03990290567787227, 0.0072669568127812865, 0.0009061077007317101, 8.473607176403522e-05, 6.756755331856083e-06], [0.1549805296687751, 0.057972981681699266, 0.010842867204833712, 0.001351983467829484, 0.00012643283801834615, 1.008160674218013e-05], [0.15416203745495746, 0.0576668113890846, 0.010785603222050954, 0.0013448432938734805, 0.00012576511353895475, 1.0028363172559598e-05], [0.11501090093247353, 0.0430216935456594, 0.008046481248865847, 0.0010033056217655122, 9.382568661377584e-05, 7.481550596988613e-06], [0.12510217811479105, 0.046796499506677566, 0.008752494956838629, 0.0010913375826120558, 0.00010205813243207944, 8.137996205323363e-06]]","[{""score"": ""2-0"", ""prob"": 0.1549805296687751}, {""score"": ""3-0"", ""prob"": 0.15416203745495746}, {""score"": ""4-0"", ""prob"": 0.11501090093247353}]",0.7175,0.1815,0.101,44,0.7438,0.1626,0.0936,60308,0.1565,-0.0555,-0.101,0.1565,0.313,0.2604,0.0526,model_over_concentrated,,True
2026-06-23,Panama,Croatia,True,0.2397,0.2619,0.4984,0.2333,0.3009,0.4659,0.9924,1.5462,"[[0.08224644203317474, 0.11883830197753478, 0.09440355563550251, 0.048655624829086155, 0.018807844245687107, 0.007722710623385314], [0.07510463853247727, 0.12445810007793386, 0.09368901748298632, 0.04828735162114544, 0.018665488142787616, 0.007664257619744677], [0.0388917157927343, 0.06013441082273444, 0.04648994382594153, 0.0239609329319544, 0.009262104764836033, 0.003803123522713637], [0.012865781789397334, 0.019893084990192485, 0.015379354201123865, 0.007926524409871922, 0.003064000041807871, 0.0012581125919494357], [0.0031921002521694834, 0.004935628681807212, 0.0038157370634148546, 0.001966632186194179, 0.0007602021755228572, 0.0003121474922984464], [0.000755311103771882, 0.0011678628028459648, 0.0009028753314099016, 0.000465342254291068, 0.00017987816764016495, 7.38599819311209e-05]]","[{""score"": ""1-1"", ""prob"": 0.12445810007793386}, {""score"": ""0-1"", ""prob"": 0.11883830197753478}, {""score"": ""0-2"", ""prob"": 0.09440355563550251}]",0.1464,0.243,0.6107,44,0.14,0.235,0.625,19560,0.0869,0.0579,-0.1448,0.1448,0.2896,0.3183,0.0287,model_under_concentrated,,False
2026-06-24,Mexico,Czech Republic,False,0.7129,0.1882,0.0989,0.7065,0.2272,0.0663,2.1218,0.6508,"[[0.06482964230065298, 0.0383432941225447, 0.013234747559323162, 0.002870972429457852, 0.0004670933080000874, 6.805584466953318e-05], [0.13028315931531975, 0.08863233685859907, 0.028081892685515895, 0.006091717224354322, 0.000991092885647143, 0.00014440297543005857], [0.14069149983780896, 0.09155930219663672, 0.029792509954045563, 0.006462796082737499, 0.0010514656184928656, 0.0001531993278043104], [0.09950784434434855, 0.06475777713481787, 0.021071553338703745, 0.004570986217160821, 0.0007436773168175764, 0.00010835434182153328], [0.052784697889392954, 0.034351258682895326, 0.011177566797595653, 0.002424714635506183, 0.0003944893264853403, 5.7477390207161916e-05], [0.033541570172448076, 0.02182820400030712, 0.007102686120973686, 0.001540763504328694, 0.00025067475908105446, 3.652350006819131e-05]]","[{""score"": ""2-0"", ""prob"": 0.14069149983780896}, {""score"": ""1-0"", ""prob"": 0.13028315931531975}, {""score"": ""3-0"", ""prob"": 0.09950784434434855}]",0.5235,0.2701,0.2064,38,0.5377,0.2663,0.196,27921,0.183,-0.0429,-0.1401,0.183,0.366,0.3376,0.0284,model_over_concentrated,,True
2026-06-24,South Africa,South Korea,True,0.1329,0.2145,0.6526,0.1265,0.2534,0.6201,0.7435,1.9355,"[[0.07130002114749179, 0.1301711582997617, 0.12855194632307873, 0.08293621374434773, 0.04013017157842865, 0.022351909719126078], [0.04836297897554408, 0.10143318000917059, 0.09557986329378644, 0.06166403697900201, 0.029837248078552037, 0.01661890415832299], [0.01897057730699552, 0.0367170136132943, 0.035532368542672235, 0.022923963398358487, 0.01109217002924058, 0.006178174010500694], [0.004701614762149315, 0.009099841846280748, 0.008806242728983974, 0.0056814109015516576, 0.002749052361970906, 0.0015311813478752641], [0.0008739262785973147, 0.0016914594927187898, 0.0016368859053538113, 0.0010560487274175296, 0.0005109880800331923, 0.00028461277346222374], [0.0001479422529099927, 0.0002863380289473081, 0.00027709956151374625, 0.00017877277722743622, 8.650240829420734e-05, 4.818055703799744e-05]]","[{""score"": ""0-1"", ""prob"": 0.1301711582997617}, {""score"": ""0-2"", ""prob"": 0.12855194632307873}, {""score"": ""1-1"", ""prob"": 0.10143318000917059}]",0.1676,0.2403,0.5922,38,0.1542,0.2239,0.6219,41452,-0.0411,0.0131,0.0279,0.0411,0.0821,0.059,0.0595,model_over_concentrated,,False
2026-06-24,Canada,Switzerland,False,0.4129,0.2747,0.3123,0.4065,0.3137,0.2798,1.3587,1.147,"[[0.08505732038969392, 0.09018576181695158, 0.05369030991096799, 0.02052728017280861, 0.005886107269520107, 0.00165759083327751], [0.10746371232157746, 0.1306324743327009, 0.0729470053203796, 0.02788964374506057, 0.00799723262946364, 0.0022521063397588225], [0.07533651332925458, 0.08640965486602038, 0.04955517666069986, 0.018946305152904498, 0.005432769638852691, 0.001529926102315969], [0.03411896266918569, 0.039133849687812985, 0.022442918418083494, 0.008580544143392535, 0.002460433278723578, 0.0006928843566650868], [0.01158903792640656, 0.013292422534520816, 0.007623087350229384, 0.002914515674791912, 0.0008357245458776115, 0.00023534898073726085], [0.004028161560057026, 0.00462023041374195, 0.002649661484253367, 0.0010130383627988293, 0.0002904842931637679, 8.180348734939305e-05]]","[{""score"": ""1-1"", ""prob"": 0.1306324743327009}, {""score"": ""1-0"", ""prob"": 0.10746371232157746}, {""score"": ""0-1"", ""prob"": 0.09018576181695158}]",0.2712,0.284,0.4448,39,0.2736,0.2836,0.4428,16122,0.1353,0.0297,-0.165,0.165,0.33,0.326,0.0048,disagree_on_favorite,,True
2026-06-24,Bosnia and Herzegovina,Qatar,True,0.4692,0.2675,0.2633,0.4628,0.3064,0.2308,1.4807,1.0434,"[[0.08347450513948361, 0.08026948789885145, 0.0436217226591177, 0.015172084444584526, 0.003957755431722209, 0.0009941223899349587], [0.11530475561268552, 0.12714293504911903, 0.06458854291477303, 0.02246456048775009, 0.005860054141959377, 0.0014719482113673482], [0.08783766345642581, 0.09165253223423549, 0.04781654209822366, 0.016631085852145802, 0.004338347219670441, 0.001089720721957227], [0.043352305150218005, 0.04523513477996661, 0.023599868697540924, 0.008208277411652318, 0.0021411925717725122, 0.0005378319892382061], [0.01604740740943623, 0.016744360755894718, 0.008735791706723952, 0.0030383983342531693, 0.0007925896771170714, 0.0001990853547285851], [0.006227460846479534, 0.006497925075756901, 0.003390067904964795, 0.0011791005350461768, 0.0003075774831184285, 7.725835208438247e-05]]","[{""score"": ""1-1"", ""prob"": 0.12714293504911903}, {""score"": ""1-0"", ""prob"": 0.11530475561268552}, {""score"": ""2-1"", ""prob"": 0.09165253223423549}]",0.6155,0.2344,0.1501,39,0.6318,0.2239,0.1443,24983,-0.1527,0.072,0.0807,0.1527,0.3054,0.338,0.0326,model_under_concentrated,,True
2026-06-24,Scotland,Brazil,True,0.1246,0.2088,0.6666,0.1182,0.2477,0.634,0.7219,1.9763,"[[0.06992038314743794, 0.13046221146628778, 0.13147686981139542, 0.08661113411949291, 0.04279168208955158, 0.024548036785757947], [0.04601216118834446, 0.09865145302886964, 0.09491802024795108, 0.06252778449810269, 0.030892899662476637, 0.017722136646700647], [0.01754513597007029, 0.03467387366679131, 0.03426241657834777, 0.022570561360200678, 0.01115136403797594, 0.006397133303681269], [0.004222161088484343, 0.008344117733409718, 0.008245102364627685, 0.005431507973654407, 0.0026835275260894444, 0.001539442461929358], [0.0007620336038227867, 0.0015059818831768877, 0.0014881111679849433, 0.0009803016769409597, 0.00048433446967265553, 0.000277845127780989], [0.00012476613171936914, 0.00024657119195379586, 0.00024364525798661614, 0.00016050269638552246, 7.92990465725737e-05, 4.549098837164854e-05]]","[{""score"": ""0-2"", ""prob"": 0.13147686981139542}, {""score"": ""0-1"", ""prob"": 0.13046221146628778}, {""score"": ""1-1"", ""prob"": 0.09865145302886964}]",0.1397,0.197,0.6632,38,0.1429,0.1724,0.6847,62905,-0.0215,0.0507,-0.0292,0.0507,0.1014,0.1507,0.0493,model_under_concentrated,,False
2026-06-24,Morocco,Haiti,True,0.7456,0.1723,0.0822,0.7392,0.2112,0.0496,2.2367,0.6006,"[[0.06071453428642017, 0.03306141107606292, 0.010565661468622999, 0.002115087733520905, 0.00031755674742484677, 4.231367432279096e-05], [0.12892049770458727, 0.08082489822917872, 0.023631847585991496, 0.004730743181390276, 0.0007102681339292631, 9.464152389976196e-05], [0.14655234191900846, 0.08801277467544702, 0.026428265849043692, 0.005290544381110751, 0.000794316017792613, 0.00010584070267380203], [0.10926284227085199, 0.06561837082411101, 0.01970372772720371, 0.003944392212849854, 0.0005922063382190729, 7.891007302001916e-05], [0.061096099922968675, 0.036691582035860926, 0.011017660652576209, 0.002205571224060517, 0.00033114183067979727, 4.4123854056521906e-05], [0.0419606906553582, 0.025199712017684034, 0.007566909360357719, 0.0015147823178214117, 0.00022742760892631485, 3.030418296621648e-05]]","[{""score"": ""2-0"", ""prob"": 0.14655234191900846}, {""score"": ""1-0"", ""prob"": 0.12892049770458727}, {""score"": ""3-0"", ""prob"": 0.10926284227085199}]",0.723,0.1801,0.0968,39,0.7413,0.1642,0.0945,46632,0.0162,0.0311,-0.0472,0.0472,0.0945,0.094,0.0365,model_over_concentrated,,False
2026-06-25,USA,Turkey,False,0.3163,0.2751,0.4086,0.3099,0.314,0.3761,1.1554,1.3494,"[[0.08513549731822818, 0.10680179578012071, 0.0743789362669064, 0.03345543727183295, 0.011286121507234575, 0.003889007452507991], [0.0909493885642255, 0.13080567011662084, 0.08593382302226836, 0.038652792980711836, 0.013039438541177877, 0.004493170982667031], [0.05452583167808419, 0.07357669924942069, 0.04964188996144729, 0.022328783107367096, 0.007532568090825764, 0.0025955961419489647], [0.020998835623535085, 0.028335652400179, 0.019117945664660692, 0.008599198429716516, 0.0029009215319481647, 0.0009996087185181878], [0.006065259583947066, 0.008184410334397665, 0.0055219872780947, 0.002483774416122617, 0.0008378960833526909, 0.00028872488307848455], [0.0017232688784212173, 0.0023253645490830116, 0.001568913694735202, 0.0007056929869335484, 0.00023806404718676, 8.203286249311163e-05]]","[{""score"": ""1-1"", ""prob"": 0.13080567011662084}, {""score"": ""0-1"", ""prob"": 0.10680179578012071}, {""score"": ""1-0"", ""prob"": 0.0909493885642255}]",0.3844,0.2666,0.3489,34,0.4089,0.2512,0.3399,59353,-0.0745,0.0474,0.0272,0.0745,0.1491,0.198,0.0489,disagree_on_favorite,,False
2026-06-25,Paraguay,Australia,True,0.2596,0.2667,0.4737,0.2532,0.3056,0.4412,1.0353,1.4908,"[[0.08329997027407125, 0.11588394928602293, 0.08886476342374804, 0.04416025484953994, 0.016458672987266134, 0.0064439756731635165], [0.07945958690918223, 0.12676015105791508, 0.09200375345673688, 0.045720137467647595, 0.017040046396396762, 0.006671597675761199], [0.04285830868967507, 0.06389373339570001, 0.04762681137046687, 0.023667560085224124, 0.008820977894633564, 0.003453630010785796], [0.014790734123546643, 0.022050222038842115, 0.016436381314846146, 0.00816785821177184, 0.0030441877605085774, 0.0011918744535745116], [0.003828297638226965, 0.005707276748305024, 0.004254241827554063, 0.0021140933262885886, 0.0007879295724288172, 0.000308493825767469], [0.0009526708319950053, 0.001420254275409907, 0.0010586669283219408, 0.000526091552537492, 0.0001960760610209189, 7.67686051169549e-05]]","[{""score"": ""1-1"", ""prob"": 0.12676015105791508}, {""score"": ""0-1"", ""prob"": 0.11588394928602293}, {""score"": ""1-2"", ""prob"": 0.09200375345673688}]",0.438,0.2904,0.2716,34,0.4328,0.2935,0.2736,11149,-0.1848,0.0152,0.1696,0.1848,0.3696,0.3593,0.0103,disagree_on_favorite,,True
2026-06-25,Curaçao,Ivory Coast,True,0.1252,0.2092,0.6656,0.1188,0.2481,0.6331,0.7234,1.9734,"[[0.07001933064294749, 0.13044665846854137, 0.13127370257061075, 0.08635037128547897, 0.04260023033057225, 0.024387307289068266], [0.046176368365635705, 0.09885002977951006, 0.09496948753937905, 0.06246986524514311, 0.030818983271823294, 0.01764290966397019], [0.017643104065996094, 0.03481630875554007, 0.03435266693510431, 0.02259679956004194, 0.011147941249830387, 0.006381849740962221], [0.004254613373790077, 0.008395911076827979, 0.008284104408200077, 0.00544919109774464, 0.0026883126548670967, 0.0015389754068133494], [0.0007694961821650712, 0.0015184979108128307, 0.0014982763778341188, 0.0009855494206438516, 0.00048621252805951086, 0.00027834155443691325], [0.0001262860372977173, 0.00024920862279246214, 0.0002458899614044595, 0.00016174366264428577, 7.979487731879216e-05, 4.5680086191232296e-05]]","[{""score"": ""0-2"", ""prob"": 0.13127370257061075}, {""score"": ""0-1"", ""prob"": 0.13044665846854137}, {""score"": ""1-1"", ""prob"": 0.09885002977951006}]",0.0733,0.1541,0.7726,38,0.0739,0.1429,0.7833,21416,0.0455,0.094,-0.1395,0.1395,0.279,0.3003,0.0225,model_under_concentrated,,False
2026-06-25,Ecuador,Germany,True,0.3386,0.2765,0.3849,0.3322,0.3154,0.3523,1.2021,1.2991,"[[0.08544466663693523, 0.10305357559529425, 0.06918405358533357, 0.029959068215487425, 0.009729978100009386, 0.0031961842935317166], [0.09509912542198058, 0.1314913882454403, 0.08316496776761316, 0.03601328360177094, 0.01169624029139577, 0.0038420784845030562], [0.0592362746751837, 0.07695401621572771, 0.04998559281624946, 0.021645476195269624, 0.007029925224288935, 0.0023092484233395187], [0.02373563761558046, 0.030835035659749665, 0.020028942123592106, 0.008673218932230223, 0.002816850966798798, 0.0009253026805161322], [0.007133051024571509, 0.00926656727186882, 0.006019112207964938, 0.0026064820415975525, 0.0008465220947593254, 0.00027807263239315133], [0.0021276727676916903, 0.0027640658627593015, 0.0017954029890508056, 0.0007774710765815235, 0.0002525037325632949, 8.294453037629731e-05]]","[{""score"": ""1-1"", ""prob"": 0.1314913882454403}, {""score"": ""0-1"", ""prob"": 0.10305357559529425}, {""score"": ""1-0"", ""prob"": 0.09509912542198058}]",0.2007,0.2517,0.5476,38,0.204,0.2438,0.5522,33106,0.1315,0.0637,-0.1953,0.1953,0.3905,0.3997,0.0158,model_under_concentrated,,True
2026-06-25,Japan,Sweden,True,0.6969,0.1956,0.1075,0.6905,0.2346,0.075,2.0695,0.6753,"[[0.06668231197465994, 0.04097077069524913, 0.014653375143297582, 0.0032986663376362822, 0.0005569296919982183, 8.458150649835847e-05], [0.13055791166818298, 0.092233289078535, 0.030325588103942917, 0.006826686389262006, 0.001152582273860562, 0.00017504389959288033], [0.13760583353445183, 0.09293061697463564, 0.031379845423211115, 0.007064013496243727, 0.0011926513499856937, 0.00018112923293271577], [0.09492643134334436, 0.06410754257542985, 0.021647169059772636, 0.004873060792090274, 0.0008227422746770322, 0.0001249507470186959], [0.0491132559725018, 0.03316810822569597, 0.011199862251928813, 0.0025212354311081177, 0.000425672295521774, 6.464730566019322e-05], [0.030097986911175982, 0.02032635115465372, 0.006863591117930844, 0.001545084102100099, 0.0002608639750180252, 3.961769019534571e-05]]","[{""score"": ""2-0"", ""prob"": 0.13760583353445183}, {""score"": ""1-0"", ""prob"": 0.13055791166818298}, {""score"": ""3-0"", ""prob"": 0.09492643134334436}]",0.4535,0.2793,0.2672,38,0.4581,0.2808,0.2611,11905,0.237,-0.0447,-0.1922,0.237,0.4739,0.4647,0.0122,model_over_concentrated,,True
2026-06-25,Tunisia,Netherlands,True,0.091,0.181,0.728,0.0846,0.2199,0.6955,0.6275,2.1736,"[[0.06298101790998349, 0.12979367683470847, 0.14348858181142016, 0.10396048599963918, 0.05649116385869626, 0.037187114988068155], [0.0358823402832292, 0.0850920507034696, 0.0900452407468259, 0.065239664869623, 0.035450628792261456, 0.023336509982245766], [0.011960787061369871, 0.02599752301139357, 0.028253625754730664, 0.020470344243655684, 0.011123395199559634, 0.007322330575068734], [0.0025019689995915105, 0.005438186994462221, 0.005910120747212794, 0.004282006396887333, 0.002326802560459245, 0.0015316921879457678], [0.00039252322042843905, 0.000853173909311777, 0.0009272135782640214, 0.0006717856780303074, 0.0003650421066295052, 0.00024030063938270814], [5.4918535926602506e-05, 0.0001193688922123803, 0.00012972789776346434, 9.399058189121966e-05, 5.10736104370417e-05, 3.3620837214981403e-05]]","[{""score"": ""0-2"", ""prob"": 0.14348858181142016}, {""score"": ""0-1"", ""prob"": 0.12979367683470847}, {""score"": ""0-3"", ""prob"": 0.10396048599963918}]",0.1465,0.2219,0.6317,38,0.133,0.2118,0.6552,19199,-0.0619,-0.002,0.0638,0.0638,0.1277,0.0968,0.0471,model_over_concentrated,,False
2026-06-26,Egypt,Iran,True,0.224,0.2574,0.5186,0.2176,0.2964,0.4861,0.9581,1.5926,"[[0.08124157167414228, 0.1210475893883812, 0.09894730771356625, 0.05252638361541014, 0.020912804800864864, 0.008927686853177257], [0.07154653501118034, 0.12227606101929347, 0.09480598935966687, 0.05032795617400707, 0.020037524974110543, 0.008554029456353918], [0.03581607737481151, 0.057039116978337724, 0.04541900040617749, 0.024110770610045157, 0.009599439456143617, 0.004098005516072154], [0.01143901311032785, 0.018217271536709233, 0.014506014594150808, 0.0077005479472852375, 0.00306588889234002, 0.0013088295050845702], [0.0027400618073465345, 0.0043637024881744745, 0.0034747207807951253, 0.0018445627365307124, 0.0007343924671162553, 0.00031351251236634976], [0.0006219380849236699, 0.0009904713687097695, 0.000788690671961507, 0.00041867807974391033, 0.00016669209554180274, 7.11609391503322e-05]]","[{""score"": ""1-1"", ""prob"": 0.12227606101929347}, {""score"": ""0-1"", ""prob"": 0.1210475893883812}, {""score"": ""0-2"", ""prob"": 0.09894730771356625}]",0.4226,0.3102,0.2672,34,0.4286,0.3054,0.266,20791,-0.205,-0.0138,0.2189,0.2189,0.4377,0.4401,0.012,disagree_on_favorite,,True
2026-06-26,New Zealand,Belgium,True,0.1178,0.2037,0.6785,0.1114,0.2427,0.646,0.7036,2.0121,"[[0.06868831744215226, 0.13059075007469093, 0.1339252142725357, 0.08982378518219504, 0.045183681961700466, 0.026592414202386727], [0.04402045909920003, 0.0961909426899684, 0.09422887341882942, 0.06319940669804781, 0.03179093250880716, 0.018710242469193082], [0.016375898333731872, 0.03294999784957402, 0.03314939846843548, 0.022233337188383034, 0.011183942364814485, 0.006582199919715761], [0.003840657040300844, 0.007727798416908284, 0.007774564058405526, 0.00521440847162895, 0.002622982025557983, 0.0015437304230358512], [0.0006755650682760564, 0.0013593066525755986, 0.0013675326497056583, 0.0009172056182551835, 0.00046137809561984345, 0.0002715395667186022], [0.0001074396985074705, 0.0002161797638599091, 0.00021748800002113083, 0.00014586943541377244, 7.33760903562452e-05, 4.318478049130622e-05]]","[{""score"": ""0-2"", ""prob"": 0.1339252142725357}, {""score"": ""0-1"", ""prob"": 0.13059075007469093}, {""score"": ""1-1"", ""prob"": 0.0961909426899684}]",0.0969,0.172,0.7311,34,0.0854,0.1558,0.7588,24269,0.0145,0.0707,-0.0851,0.0851,0.1703,0.2257,0.0554,model_under_concentrated,,False
2026-06-26,Cape Verde,Saudi Arabia,True,0.2894,0.272,0.4386,0.283,0.3109,0.406,1.0988,1.4138,"[[0.08446528405329404, 0.11120620380302637, 0.08101221390399363, 0.038177005802257, 0.013493185488235207, 0.004933548290548379], [0.08567061864518448, 0.1293234286369476, 0.089012170027013, 0.04194698512522988, 0.014825637555198435, 0.005420736184240031], [0.04893313504945472, 0.06917921967616661, 0.048901060908590276, 0.02304462495317317, 0.008144834631887142, 0.0029780169412168675], [0.01792176071186279, 0.02533688920639602, 0.01791001355777119, 0.008440093889099673, 0.0029830456839286656, 0.0010906987047206778], [0.004922883645539812, 0.006959726753881909, 0.004919656849150275, 0.002318388290162067, 0.0008194053613041556, 0.00029960130045296126], [0.0013158538807115088, 0.0018602884238558956, 0.0013149913796131364, 0.0006196896876426905, 0.00021902157397621344, 8.008142427343821e-05]]","[{""score"": ""1-1"", ""prob"": 0.1293234286369476}, {""score"": ""0-1"", ""prob"": 0.11120620380302637}, {""score"": ""1-2"", ""prob"": 0.089012170027013}]",0.3813,0.2698,0.3489,34,0.3769,0.2563,0.3668,74450,-0.0983,0.0411,0.0571,0.0983,0.1965,0.1877,0.0358,disagree_on_favorite,,False
2026-06-26,Uruguay,Spain,True,0.0857,0.1758,0.7385,0.0793,0.2147,0.706,0.6114,2.2109,"[[0.06163909160244609, 0.12931177502575572, 0.14535013146149278, 0.1071205286960926, 0.05920948033939546, 0.03997162656458339], [0.03418744558960021, 0.08255571812158816, 0.08886387630641777, 0.06549113727117291, 0.03619937515117591, 0.02443777410509252], [0.01111419498327102, 0.02457290744772797, 0.02716471059503098, 0.02001992107992678, 0.011065751243079996, 0.007470359033883799], [0.00226499152611238, 0.005007778541299903, 0.005535969037762201, 0.004079913270167164, 0.002255119046711846, 0.0015224044507255942], [0.00034619151146908056, 0.0007654114385543287, 0.0008461424541920511, 0.0006235923293215229, 0.00034468255722964276, 0.00023269115658395586], [4.70517201061523e-05, 0.00010402890764155026, 0.0001150012539464965, 8.475393176184329e-05, 4.684663450995807e-05, 3.162561417033182e-05]]","[{""score"": ""0-2"", ""prob"": 0.14535013146149278}, {""score"": ""0-1"", ""prob"": 0.12931177502575572}, {""score"": ""0-3"", ""prob"": 0.1071205286960926}]",0.1788,0.2423,0.5789,34,0.1724,0.2414,0.5862,15159,-0.0995,-0.0276,0.1271,0.1271,0.2542,0.2396,0.0146,model_over_concentrated,,False
2026-06-26,Norway,France,True,0.1791,0.2403,0.5806,0.1727,0.2792,0.5481,0.8565,1.7423,"[[0.07735602290552536, 0.12656172997112913, 0.11286509678482519, 0.06554869611925195, 0.02855155193234009, 0.01374952632139815], [0.06069528603762658, 0.1139665703597919, 0.09667244292769343, 0.056144483680849386, 0.024455286473003997, 0.011776894154640845], [0.027276862928953757, 0.04752477559892205, 0.04140146727302795, 0.02404474256859662, 0.01047335426623997, 0.005043636874739632], [0.007787825317904467, 0.013568812938680914, 0.011820545341562391, 0.006865021664182791, 0.002990250518560454, 0.0014400102771979745], [0.001667628257146875, 0.002905526889575003, 0.002531165584974811, 0.0014700257961354963, 0.0006403104919720132, 0.00030835332468440776], [0.0003320361788965617, 0.0005785102536858294, 0.0005039723603792927, 0.00029269217892918993, 0.00012749019342326944, 6.139525355214954e-05]]","[{""score"": ""0-1"", ""prob"": 0.12656172997112913}, {""score"": ""1-1"", ""prob"": 0.1139665703597919}, {""score"": ""0-2"", ""prob"": 0.11286509678482519}]",0.2206,0.2621,0.5172,34,0.2178,0.2525,0.5297,47344,-0.0479,0.0171,0.0309,0.0479,0.0959,0.0902,0.0249,model_over_concentrated,,False
2026-06-26,Senegal,Iraq,True,0.61,0.2305,0.1595,0.6036,0.2694,0.127,1.818,0.81,"[[0.07509457352203339, 0.05562907666735792, 0.02369275880918775, 0.00639704487848069, 0.0012954015878923401, 0.00024182793975662545], [0.12842987191095262, 0.10922572413336076, 0.043073435515103335, 0.011629827589077896, 0.002355040086788274, 0.0004396431944775451], [0.11935300375927119, 0.09667593304500967, 0.03915375288322893, 0.010571513278471808, 0.0021407314388905414, 0.00039963566378008853], [0.07232792027811835, 0.058585615425275864, 0.02372717424723673, 0.006406337046753916, 0.001297283251967668, 0.00024217921225073367], [0.03287303976640479, 0.02662716221078788, 0.010784000695369094, 0.0029116801877496546, 0.0005896152380193052, 0.00011007045196795843], [0.016779657509522827, 0.013591522582713492, 0.005504566645998965, 0.0014862329944197205, 0.0003009621813699934, 5.618417095179146e-05]]","[{""score"": ""1-0"", ""prob"": 0.12842987191095262}, {""score"": ""2-0"", ""prob"": 0.11935300375927119}, {""score"": ""1-1"", ""prob"": 0.10922572413336076}]",0.6695,0.2101,0.1204,34,0.6884,0.206,0.1055,8554,-0.0659,0.0593,0.0066,0.0659,0.1318,0.1697,0.0379,model_under_concentrated,,False
2026-06-27,Algeria,Austria,True,0.3899,0.2763,0.3338,0.3835,0.3152,0.3013,1.3098,1.192,"[[0.08539569184844223, 0.0942178160482943, 0.05821094263818842, 0.023128550727653636, 0.006892130171553621, 0.002034540867269084], [0.10387135822579208, 0.1313826829467269, 0.07624348333516591, 0.030293295247439365, 0.00902716891469662, 0.0026647993603625287], [0.07028630972797077, 0.08377911813455925, 0.04993106525701701, 0.01983876438594366, 0.005911799152517716, 0.0017451494204980644], [0.030686516094537177, 0.0365773828071555, 0.021799557318586727, 0.008661467147459632, 0.0025810505707801043, 0.0007619201518297182], [0.010048140317063234, 0.011977074026421116, 0.007138151822520401, 0.0028361524319406597, 0.0008451516040705432, 0.00024948679649385263], [0.003334774888433225, 0.003974949039315212, 0.0023690084629035234, 0.0009412617271818513, 0.0002804887528677781, 8.279963034856518e-05]]","[{""score"": ""1-1"", ""prob"": 0.1313826829467269}, {""score"": ""1-0"", ""prob"": 0.10387135822579208}, {""score"": ""0-1"", ""prob"": 0.0942178160482943}]",0.2669,0.2964,0.4367,34,0.2537,0.3035,0.4428,13047,0.1166,0.0188,-0.1354,0.1354,0.2708,0.283,0.0264,disagree_on_favorite,,False
2026-06-27,Jordan,Argentina,True,0.0456,0.1263,0.8281,0.0392,0.1653,0.7955,0.4713,2.5989,"[[0.0479507360752031, 0.11909236224881915, 0.15674690674171923, 0.13578766260967504, 0.08822322095666973, 0.07635930375149616], [0.020342747816497187, 0.058392720077031134, 0.07388237626694988, 0.06400327374796917, 0.041583858601709066, 0.035991822285503544], [0.0051560551591552425, 0.013399856358924288, 0.017412163456104468, 0.015083914737647178, 0.009800238970283275, 0.00848234077439377], [0.0008100991490899717, 0.002105332836677974, 0.002735730779481568, 0.0023699254792137786, 0.0015397750810729489, 0.0013327120892852088], [9.545969899939211e-05, 0.00024808622390059447, 0.00032237046174662584, 0.0002792650420024221, 0.00018144256284074133, 0.00015704286943015616], [9.75645252696666e-06, 2.535563689652934e-05, 3.294785274932938e-05, 2.8542266037894512e-05, 1.854432571318008e-05, 1.60505565841319e-05]]","[{""score"": ""0-2"", ""prob"": 0.15674690674171923}, {""score"": ""0-3"", ""prob"": 0.13578766260967504}, {""score"": ""0-1"", ""prob"": 0.11909236224881915}]",0.0686,0.1397,0.7918,34,0.0679,0.114,0.818,26556,-0.0294,0.0256,0.0037,0.0294,0.0587,0.1025,0.0526,model_over_concentrated,,False
2026-06-27,Colombia,Portugal,True,0.3428,0.2767,0.3806,0.3364,0.3156,0.348,1.2107,1.2901,"[[0.08547880432810032, 0.10235385162696538, 0.06825383714705201, 0.02935112705938173, 0.009466376129885974, 0.0030825822209223953], [0.0958431134406925, 0.1315671791694315, 0.08263539158541214, 0.035535612053570156, 0.01146100689844824, 0.0037321035646880663], [0.06011283030222477, 0.07755077489482325, 0.05002361938833018, 0.021511605354490267, 0.006937960066449439, 0.002259241768641218], [0.024259672808477527, 0.03129708608850308, 0.020187980385475035, 0.008681416344252766, 0.002799945374791597, 0.0009117598660207084], [0.007342838315241528, 0.009472899519311169, 0.006110431787439819, 0.002627662667439899, 0.0008474782962208178, 0.0002759684902335867], [0.0022096388998522503, 0.0028506261984298014, 0.0018387777576955437, 0.0007907276990714655, 0.00025502686150981, 8.304564052403095e-05]]","[{""score"": ""1-1"", ""prob"": 0.1315671791694315}, {""score"": ""0-1"", ""prob"": 0.10235385162696538}, {""score"": ""1-0"", ""prob"": 0.0958431134406925}]",0.2706,0.2857,0.4437,34,0.2637,0.2736,0.4627,39903,0.0658,0.0299,-0.0957,0.0957,0.1914,0.2294,0.038,model_under_concentrated,,False
2026-06-27,DR Congo,Uzbekistan,True,0.2377,0.2614,0.5009,0.2313,0.3003,0.4684,0.9881,1.552,"[[0.08212764270839247, 0.11912535690508472, 0.0949720689907339, 0.04913065394257086, 0.01906208727320789, 0.007865318673702382], [0.07465878191715401, 0.12419943278404756, 0.09384196072728729, 0.048546029867312976, 0.018835260348461263, 0.007771726297309495], [0.03849837930007785, 0.059747583816242886, 0.046362650022929004, 0.02398418122658031, 0.009305566261176144, 0.0038396238058502237], [0.012680090882631329, 0.019678874970356492, 0.015270321154770804, 0.007899594820032423, 0.00306494527954902, 0.001264644894108495], [0.0031323014315462042, 0.004861177164376526, 0.003772153469244938, 0.0019513986447301998, 0.0007571185865782967, 0.0003123991025679156], [0.000737327072528452, 0.0011442952110399514, 0.0008879448339789795, 0.0004593488466863995, 0.0001782216824269967, 7.353708472533995e-05]]","[{""score"": ""1-1"", ""prob"": 0.12419943278404756}, {""score"": ""0-1"", ""prob"": 0.11912535690508472}, {""score"": ""0-2"", ""prob"": 0.0949720689907339}]",0.4054,0.2913,0.3033,34,0.405,0.285,0.31,5075,-0.1741,0.009,0.1651,0.1741,0.3482,0.3474,0.0134,disagree_on_favorite,,True
2026-06-27,Panama,England,True,0.1253,0.2092,0.6655,0.1189,0.2482,0.6329,0.7237,1.973,"[[0.07003344909676247, 0.13044437409764667, 0.1312446321861141, 0.08631312969696676, 0.04257292032058601, 0.024364414613295193], [0.04619985189092231, 0.09887837570510054, 0.09497678254711002, 0.062461551483220586, 0.030808414243943007, 0.017631606489879725], [0.017657134228114685, 0.03483668226248251, 0.03436555489069143, 0.022600532661649752, 0.011147442800246756, 0.0063796637913954065], [0.004259267014213713, 0.008403330332562048, 0.008289684638519137, 0.00545171725070488, 0.0026889944199622678, 0.0015389072313443798], [0.0007705676610937512, 0.0015202931814679614, 0.001499732907514771, 0.0009863004589289947, 0.0004864809212406201, 0.00027841225777581606], [0.00012650457722893167, 0.0002495874871165049, 0.0002462120940193335, 0.00016192156623911764, 7.986587859673796e-05, 4.570711534310919e-05]]","[{""score"": ""0-2"", ""prob"": 0.1312446321861141}, {""score"": ""0-1"", ""prob"": 0.13044437409764667}, {""score"": ""1-1"", ""prob"": 0.09887837570510054}]",0.1002,0.1658,0.734,34,0.0955,0.1457,0.7588,48965,0.0187,0.0824,-0.1011,0.1011,0.2022,0.2518,0.0496,model_under_concentrated,,False
2026-06-27,Croatia,Ghana,True,0.7951,0.1457,0.0592,0.7887,0.1846,0.0267,2.4382,0.5236,"[[0.053512596839778444, 0.025302663432903074, 0.007091086547328673, 0.0012376381222393667, 0.00016200776616496313, 1.856452371163286e-05], [0.1243424594849408, 0.06782278207026533, 0.017289295937637148, 0.0030175758843556753, 0.00039500296530392066, 4.5263520935676096e-05], [0.1537579345192336, 0.08050811963202269, 0.021077147488194486, 0.0036786860610632634, 0.00048154278739951506, 5.518014788094411e-05], [0.12496281610817052, 0.06543090852675684, 0.017129910816554093, 0.0029897577071759827, 0.0003913615448736023, 4.484624935960959e-05], [0.0761702418407442, 0.039882969042795244, 0.010441421618394477, 0.001822386648230582, 0.000238551790433286, 2.7335728865255905e-05], [0.059636281127146154, 0.031225737197924153, 0.008174945227344058, 0.0014268086834155543, 0.00018677033568316296, 2.1402074773928768e-05]]","[{""score"": ""2-0"", ""prob"": 0.1537579345192336}, {""score"": ""3-0"", ""prob"": 0.12496281610817052}, {""score"": ""1-0"", ""prob"": 0.1243424594849408}]",0.5755,0.2519,0.1726,34,0.5879,0.2462,0.1658,7879,0.2132,-0.0673,-0.1459,0.2132,0.4264,0.4015,0.0249,model_over_concentrated,,True
